name,dataset,component,type,description,pvalue,qvalue,precision,recall,f1score,TP,LFC
MA-1_0,MA-1,0,regulatory,arcA,2.993701018433648e-12,7.184882444240755e-10,0.9,0.05555555555555555,0.10465116279069768,9.0,
MA-1_1,MA-1,1,regulatory,fnr,2.368387169943014e-19,5.684129207863234e-17,0.5384615384615384,0.1003584229390681,0.1691842900302115,28.0,
MA-1_4,MA-1,4,genomic,b1609,0.00012513294720561954,0.0021481155936964678,,,,,-4.490994606983629
MA-1_5,MA-1,5,regulatory,rpoS,1.565866882729119e-24,3.758080518549886e-22,0.4938271604938271,0.1360544217687075,0.21333333333333332,40.0,
MA-1_6,MA-1,6,biological,structural constituent of ribosome,1.3154546393684813e-39,4.379148494457674e-36,0.7857142857142857,0.4583333333333333,0.5789473684210527,22.0,
MA-1_7,MA-1,7,genomic,b4373,0.016930949107721416,0.07266198992063774,,,,,-3.1433943171054897
MA-1_8,MA-1,8,genomic,b2261,2.6602512206430613e-06,0.00013700293786311768,,,,,-5.1432560117776225
MA-1_10,MA-1,10,biological,NADH dehydrogenase complex,9.198794186964091e-21,3.062278584840346e-17,0.4166666666666667,0.7142857142857143,0.5263157894736842,10.0,
MA-1_11,MA-1,11,regulatory,araC,1.42047616125525e-23,3.4091427870125995e-21,0.6666666666666666,0.7142857142857143,0.6896551724137929,10.0,
MA-1_12,MA-1,12,regulatory,cysB,1.1912684924206366e-28,2.859044381809528e-26,0.7777777777777778,0.4827586206896552,0.5957446808510638,14.0,
MA-1_13,MA-1,13,regulatory,pdhR,7.947424379594584e-12,1.5225831765216871e-09,0.5384615384615384,0.18421052631578946,0.2745098039215686,7.0,
MA-1_14,MA-1,14,biological,hyperosmotic response,5.75678443522022e-09,1.9164335384848113e-05,1.0,0.375,0.5454545454545454,3.0,
MA-1_15,MA-1,15,regulatory,glpR,1.0493255230063644e-17,2.518381255215275e-15,0.5,0.875,0.6363636363636364,7.0,
MA-1_16,MA-1,16,biological,lipopolysaccharide core region biosynthetic process,4.220761251624843e-14,1.40509142066591e-10,0.42105263157894735,0.3333333333333333,0.37209302325581395,8.0,
MA-1_17,MA-1,17,genomic,b3387,0.0001280277275088615,0.002197809322235456,,,,,-5.381746644753956
MA-1_18,MA-1,18,biological,organic phosphonate catabolic process,9.698762257491446e-10,3.228717955518903e-06,0.06593406593406594,0.8571428571428571,0.12244897959183673,6.0,
MA-1_19,MA-1,19,genomic,b2231,4.7930323949230136e-05,0.0011557635798719267,,,,,-5.437358351918057
MA-1_20,MA-1,20,genomic,b1174,0.00018023097565789128,0.003093965082127133,,,,,-3.3897483179571517
MA-1_21,MA-1,21,regulatory,cpxR,9.57673880670938e-12,2.2984173136102507e-09,0.3448275862068966,0.15873015873015872,0.21739130434782608,10.0,
MA-1_22,MA-1,22,genomic,b2042,0.0004883421314122449,0.008383206589243538,,,,,-4.302527329092097
MA-1_26,MA-1,26,genomic,b1175,0.00800150742667427,0.04668320339740816,,,,,-2.2849432705373207
MA-1_27,MA-1,27,biological,transcriptional attenuation,1.8205830776434848e-07,0.0006060721065475161,0.13043478260869565,1.0,0.2307692307692308,3.0,
MA-1_28,MA-1,28,biological,DLP12 prophage,3.2929987400016795e-09,1.0962392805465593e-05,0.17647058823529413,0.35294117647058826,0.23529411764705885,6.0,
MA-1_29,MA-1,29,genomic,b2618,0.00020678837902687877,0.003549867173294752,,,,,-5.1989491404070565
MA-1_31,MA-1,31,genomic,b2009,3.149843858996082e-05,0.0006488678349531929,,,,,-4.699003514215371
MA-1_32,MA-1,32,regulatory,csiR,4.6037796498431085e-12,1.1049071159623458e-09,0.21739130434782608,1.0,0.3571428571428571,5.0,
MA-1_34,MA-1,34,regulatory,fur,3.471748483229687e-53,8.332196359751249e-51,0.8409090909090909,0.3333333333333333,0.4774193548387096,37.0,
MA-1_35,MA-1,35,regulatory,cra,2.4869724882257145e-10,5.968733971741716e-08,0.8571428571428571,0.0821917808219178,0.15,6.0,
MA-1_36,MA-1,36,regulatory,tdcA,3.712138531863015e-12,4.454566238235618e-10,1.0,0.5714285714285714,0.7272727272727273,4.0,
MA-1_37,MA-1,37,biological,mannose transport,1.1719168314588235e-07,0.0001950655565963212,0.15,1.0,0.2608695652173913,3.0,
MA-1_38,MA-1,38,regulatory,bluR,1.1270052582720482e-09,2.7048126198529164e-07,0.16666666666666666,1.0,0.2857142857142857,4.0,
MA-1_39,MA-1,39,regulatory,rpoH,1.4102781526685572e-49,3.3846675664045376e-47,0.9444444444444444,0.2537313432835821,0.4,34.0,
MA-1_41,MA-1,41,genomic,b1183,2.0550711689937273e-05,0.0007055744346878463,,,,,-7.81317505461877
MA-1_42,MA-1,42,genomic,b0624,0.0001282556148002323,0.002865487323589422,,,,,-6.0914435180743896
MA-1_45,MA-1,45,genomic,b1563,5.6892316922185764e-05,0.0011719817285970268,,,,,-11.755258568010376
MA-1_48,MA-1,48,genomic,b4362,9.12773103989295e-06,0.00029435146799855483,,,,,-4.273053597163076
MA-1_49,MA-1,49,regulatory,fliA,7.228172150668557e-61,1.7347613161604537e-58,0.7037037037037037,0.5846153846153846,0.638655462184874,38.0,
MA-1_50,MA-1,50,genomic,b2262,4.172403578195372e-08,4.297575685541233e-06,,,,,-5.053149673790523
MA-1_51,MA-1,51,regulatory,bluR,1.1270052582720482e-09,2.7048126198529164e-07,0.16666666666666666,1.0,0.2857142857142857,4.0,
MA-1_52,MA-1,52,regulatory,malT,1.1733567434459748e-21,2.8160561842703395e-19,0.7272727272727273,0.8888888888888888,0.7999999999999999,8.0,
MA-1_53,MA-1,53,genomic,b1863,0.00021703521416405194,0.0037257711764828905,,,,,-4.072592223710521
MA-1_54,MA-1,54,genomic,b1861,0.0014485607461267591,0.014920175685105619,,,,,-2.51453075114624
MA-1_55,MA-1,55,biological,methylgalactoside transport,4.9277048093875835e-08,0.00016404329310451264,0.3,0.75,0.4285714285714285,3.0,
MA-1_57,MA-1,57,biological,hydrogenase (acceptor) activity,4.6722513447924326e-07,0.0015553924726814008,0.15,0.75,0.25,3.0,
MA-1_58,MA-1,58,regulatory,purR,2.6841660384837773e-18,6.441998492361068e-16,0.5882352941176471,0.3333333333333333,0.42553191489361697,10.0,
MA-1_60,MA-1,60,biological,3-phenylpropionate catabolic process,7.068363044279605e-07,0.00235305805744068,0.05194805194805195,0.8,0.0975609756097561,4.0,
MA-1_61,MA-1,61,genomic,b0048,4.53208321982146e-07,2.334022858208052e-05,,,,,-5.719894748738391
MA-1_64,MA-1,64,genomic,b4346,1.4008540909382639e-05,0.0003632837959104685,,,,,-5.0277869321834725
MA-1_65,MA-1,65,biological,D-arabinose catabolic process,2.849608295441987e-06,0.009486346015526372,0.05357142857142857,1.0,0.10169491525423728,3.0,
MA-1_66,MA-1,66,genomic,b1062,1.6636404815195682e-05,0.0004444664379064378,,,,,-4.453647517267663
MA-1_68,MA-1,68,regulatory,gadW,4.886576996542002e-29,7.368975213570697e-27,0.40625,1.0,0.5777777777777777,13.0,
MA-1_70,MA-1,70,regulatory,ypdB,0.0,0.0,1.0,1.0,1.0,1.0,
MA-1_72,MA-1,72,regulatory,narL,4.701272501760425e-24,1.128305400422502e-21,0.6451612903225806,0.17094017094017094,0.2702702702702703,20.0,
MA-1_73,MA-1,73,biological,[Ni-Fe] hydrogenase complex,1.522886099350043e-06,0.005069687824736294,0.06896551724137931,0.5714285714285714,0.12307692307692307,4.0,
MA-1_75,MA-1,75,biological,iron-sulfur cluster assembly,6.7060107279955026e-09,2.2324309713497024e-05,0.5714285714285714,0.25,0.3478260869565217,4.0,
MA-1_80,MA-1,80,regulatory,arcA,2.8054145852699555e-13,6.732995004647893e-11,0.6666666666666666,0.07407407407407407,0.13333333333333333,12.0,
MA-1_81,MA-1,81,biological,response to cold,7.849050004017746e-10,2.612948746337508e-06,0.6666666666666666,0.3333333333333333,0.4444444444444444,4.0,
MA-1_83,MA-1,83,genomic,b4345,1.669189896447154e-05,0.00042981639833514223,,,,,-5.450492947516325
MA-1_84,MA-1,84,genomic,b0231,2.002268059975165e-05,0.00068744536725814,,,,,-5.005001851410309
MA-1_85,MA-1,85,genomic,b2782,1.3283087889615075e-06,6.97178805870724e-05,,,,,-8.64769150672924
MA-1_86,MA-1,86,biological,e14 prophage,4.451079559264592e-17,1.4817643852791827e-13,1.0,0.3333333333333333,0.5,7.0,
MA-1_88,MA-1,88,regulatory,lexA,8.797368490930202e-36,2.1113684378232486e-33,0.7777777777777778,0.375,0.5060240963855422,21.0,
MA-1_89,MA-1,89,regulatory,UTP,2.7343895670762412e-15,6.562534960982979e-13,0.5454545454545454,0.75,0.631578947368421,6.0,
MA-1_90,MA-1,90,genomic,b2479,0.007646149100985933,0.04632666808244418,,,,,-3.3132958734743743
MA-1_91,MA-1,91,biological,e14 prophage,4.75985468505141e-27,1.5845556246536142e-23,1.0,0.5238095238095238,0.6875000000000001,11.0,
MA-1_93,MA-1,93,genomic,b1558,1.0248513703237092e-06,5.2779845571671036e-05,,,,,-5.9837481165612125
MA-1_94,MA-1,94,biological,e14 prophage,1.357731372659057e-06,0.004519887739582001,0.6,0.14285714285714285,0.23076923076923075,3.0,
MA-1_95,MA-1,95,genomic,b2042,0.006494824373730722,0.03881531920197149,,,,,-2.4308554905426667
MA-1_102,MA-1,102,biological,deoxyribonucleotide biosynthetic process,2.391121535046936e-06,0.003980021795085625,0.6666666666666666,0.5,0.5714285714285715,2.0,
MA-2_0,MA-2,0,regulatory,fliA,7.8982897018022e-48,1.8955895284325282e-45,0.6739130434782609,0.476923076923077,0.5585585585585586,31.0,
MA-2_2,MA-2,2,regulatory,narL,4.731271523862527e-12,1.1355051657270064e-09,0.8888888888888888,0.06837606837606837,0.126984126984127,8.0,
MA-2_4,MA-2,4,regulatory,malT,1.7795131282343888e-17,4.270831507762535e-15,1.0,0.6666666666666666,0.8,6.0,
MA-2_6,MA-2,6,regulatory,cysB,1.1021881494667683e-30,2.645251558720244e-28,0.64,0.5517241379310345,0.5925925925925927,16.0,
MA-2_7,MA-2,7,regulatory,arcA,5.236842269165366e-33,1.256842144599688e-30,0.4444444444444444,0.2469135802469136,0.31746031746031744,40.0,
MA-2_10,MA-2,10,regulatory,gadX,2.821642962202671e-30,6.771943109286411e-28,1.0,0.4814814814814815,0.65,13.0,
MA-2_12,MA-2,12,regulatory,metJ,8.066421836947632e-22,1.9359412408674319e-19,0.6428571428571429,0.75,0.6923076923076924,9.0,
MA-2_13,MA-2,13,regulatory,UTP,3.9138846576876136e-22,9.393323178450272e-20,0.6666666666666666,1.0,0.8,8.0,
MA-2_14,MA-2,14,regulatory,fhlA,2.172122882837357e-27,5.213094918809658e-25,1.0,0.4137931034482759,0.5853658536585366,12.0,
MA-2_15,MA-2,15,regulatory,fur,9.407582653557674e-44,2.2578198368538424e-41,0.7804878048780488,0.2882882882882883,0.4210526315789474,32.0,
MA-2_16,MA-2,16,regulatory,fur,6.9366493503790396e-18,1.6647958440909697e-15,0.6,0.13513513513513514,0.22058823529411764,15.0,
MA-2_17,MA-2,17,biological,detoxification of copper ion,5.931710427455816e-18,1.974666401300041e-14,0.75,1.0,0.8571428571428571,6.0,
MA-2_18,MA-2,18,regulatory,argR,1.0113016418678512e-33,2.4271239404828433e-31,0.9411764705882352,0.4444444444444444,0.6037735849056604,16.0,
MA-2_19,MA-2,19,biological,extracellular polysaccharide biosynthetic process,2.439430729312765e-09,8.120864897882194e-06,0.14285714285714285,0.625,0.2325581395348837,5.0,
MA-2_20,MA-2,20,biological,structural constituent of ribosome,3.0133464484521544e-30,1.0031430326897221e-26,0.59375,0.3958333333333333,0.475,19.0,
MA-2_22,MA-2,22,biological,lipopolysaccharide core region biosynthetic process,8.224385660417048e-19,2.737897986352836e-15,0.2926829268292683,0.5,0.3692307692307692,12.0,
MA-2_25,MA-2,25,biological,transcriptional attenuation,5.098866214066471e-07,0.0016974125626627284,0.09375,1.0,0.17142857142857146,3.0,
MA-2_28,MA-2,28,regulatory,zur,1.0279972205791852e-09,2.4671933293900446e-07,1.0,0.6,0.7499999999999999,3.0,
MA-2_29,MA-2,29,regulatory,his-tRNA,7.116153923068305e-24,1.707876941536393e-21,0.8888888888888888,1.0,0.9411764705882352,8.0,
MA-2_30,MA-2,30,regulatory,glpR,5.942141443983032e-17,1.4261139465559274e-14,0.4117647058823529,0.875,0.56,7.0,
MA-2_31,MA-2,31,regulatory,fnr,1.581042297945358e-14,3.7945015150688596e-12,0.5,0.07885304659498207,0.13622291021671826,22.0,
MA-2_32,MA-2,32,regulatory,lsrR,7.116153923065879e-24,1.7078769415358106e-21,1.0,0.8888888888888888,0.9411764705882352,8.0,
MA-2_33,MA-2,33,biological,NADH dehydrogenase complex,5.921978460750259e-36,1.9714266295837617e-32,0.7368421052631579,1.0,0.8484848484848484,14.0,
MA-2_35,MA-2,35,biological,lipopolysaccharide core region biosynthetic process,2.308688430095915e-07,0.0007685623783789299,0.4,0.16666666666666666,0.2352941176470588,4.0,
MA-2_37,MA-2,37,regulatory,cpxR,2.160491719798873e-09,5.185180127517296e-07,0.4375,0.1111111111111111,0.1772151898734177,7.0,
MA-2_38,MA-2,38,regulatory,arcA,7.784452220629448e-18,1.868268532951068e-15,0.6956521739130435,0.09876543209876544,0.17297297297297298,16.0,
MA-2_41,MA-2,41,regulatory,rpoS,1.2894662401046391e-24,3.094718976251133e-22,0.4574468085106383,0.14625850340136054,0.22164948453608246,43.0,
MA-2_45,MA-2,45,regulatory,ile-tRNA,3.9138846576876136e-22,9.393323178450272e-20,0.6666666666666666,1.0,0.8,8.0,
MA-2_46,MA-2,46,biological,response to heat,5.950197009314799e-16,1.9808205844008963e-12,1.0,0.15384615384615385,0.2666666666666667,8.0,
MA-2_47,MA-2,47,regulatory,rpoN,6.205913430449247e-12,1.4894192233078194e-09,0.625,0.07936507936507936,0.14084507042253522,10.0,
MA-2_48,MA-2,48,regulatory,spermidine,0.0,0.0,1.0,1.0,1.0,5.0,
MA-2_50,MA-2,50,regulatory,mqsA,5.75678443522022e-09,7.401579988144531e-07,1.0,0.375,0.5454545454545454,3.0,
MA-2_51,MA-2,51,regulatory,ydeO,1.3411465159384178e-24,3.2187516382522027e-22,0.5454545454545454,0.631578947368421,0.5853658536585366,12.0,
MA-2_54,MA-2,54,biological,response to cold,5.25002449505555e-11,1.747733154403992e-07,1.0,0.3333333333333333,0.5,4.0,
MA-3_1,MA-3,1,regulatory,fur,3.497177003210613e-27,8.393224807705471e-25,0.5581395348837209,0.21621621621621626,0.3116883116883117,24.0,
MA-3_2,MA-3,2,regulatory,metJ,7.849050004017746e-10,1.8837720009642594e-07,0.6666666666666666,0.3333333333333333,0.4444444444444444,4.0,
MA-3_4,MA-3,4,biological,cytochrome complex,7.424277063715705e-12,2.4715418345109586e-08,0.5,1.0,0.6666666666666666,4.0,
MA-3_6,MA-3,6,regulatory,cysB,1.5151605197640957e-20,3.636385247433831e-18,0.19753086419753085,0.5517241379310345,0.2909090909090909,16.0,
MA-3_9,MA-3,9,regulatory,fliA,7.403445057465691e-62,1.7768268137917662e-59,0.6842105263157895,0.6,0.639344262295082,39.0,
MA-3_10,MA-3,10,regulatory,arcA,2.6763949936196013e-50,6.423347984687046e-48,0.4295774647887324,0.3765432098765432,0.4013157894736842,61.0,
MA-3_11,MA-3,11,regulatory,rpoS,3.5714322281826255e-23,8.571437347638301e-21,0.4505494505494506,0.13945578231292516,0.212987012987013,41.0,
MA-3_12,MA-3,12,regulatory,UTP,2.7890747251952597e-12,6.693779340468623e-10,0.20689655172413796,0.75,0.32432432432432434,6.0,
MA-3_15,MA-3,15,regulatory,glpR,1.0493255230063644e-17,2.518381255215275e-15,0.5,0.875,0.6363636363636364,7.0,
MA-3_19,MA-3,19,regulatory,fhlA,7.221802072483254e-20,1.733232497395981e-17,0.21739130434782608,0.5172413793103449,0.30612244897959184,15.0,
MA-3_21,MA-3,21,regulatory,crp,1.078164446571393e-22,2.587594671771343e-20,0.4715447154471545,0.12340425531914892,0.19561551433389546,58.0,
MA-3_27,MA-3,27,regulatory,fliZ,1.9507178363115887e-26,4.681722807147813e-24,0.52,0.6842105263157895,0.5909090909090909,13.0,
MA-3_28,MA-3,28,regulatory,zur,2.8731722383044185e-15,6.895613371930606e-13,0.7142857142857143,1.0,0.8333333333333333,5.0,
MA-3_29,MA-3,29,regulatory,ydeO,2.432143818666529e-13,5.837145164799668e-11,0.27586206896551724,0.42105263157894735,0.3333333333333333,8.0,
MA-3_30,MA-3,30,regulatory,narL,5.491523908723217e-24,1.3179657380935718e-21,0.3333333333333333,0.2478632478632479,0.2843137254901961,29.0,
MA-3_31,MA-3,31,regulatory,purR,1.4125631210076183e-24,3.3901514904182827e-22,0.5185185185185185,0.4666666666666667,0.4912280701754386,14.0,
RNAseq-1_0,RNAseq-1,0,regulatory,zur,6.3209789242697e-14,1.5170349418247277e-11,0.4545454545454545,1.0,0.625,5.0,
RNAseq-1_1,RNAseq-1,1,biological,CP4-44 prophage,8.635176652843056e-09,2.8746503077314533e-05,1.0,0.3333333333333333,0.5,3.0,
RNAseq-1_3,RNAseq-1,3,biological,cellular response to nutrient levels,2.3911215350508785e-06,0.007960043590184374,0.5,0.6666666666666666,0.5714285714285715,2.0,
RNAseq-1_4,RNAseq-1,4,regulatory,UTP,7.116153923068305e-24,1.707876941536393e-21,0.8888888888888888,1.0,0.9411764705882352,8.0,
RNAseq-1_5,RNAseq-1,5,regulatory,ygbI,8.209063538012624e-16,1.9701752491230294e-13,0.8333333333333334,1.0,0.9090909090909092,5.0,
RNAseq-1_6,RNAseq-1,6,regulatory,glcC,8.209063537997693e-16,1.970175249119446e-13,1.0,0.8333333333333334,0.9090909090909092,5.0,
RNAseq-1_8,RNAseq-1,8,biological,structural constituent of ribosome,5.1270308874535396e-21,1.7067885824332835e-17,0.75,0.25,0.375,12.0,
RNAseq-1_9,RNAseq-1,9,regulatory,mqsA,7.424277063740816e-12,1.336369871473116e-09,1.0,0.5,0.6666666666666666,4.0,
RNAseq-1_10,RNAseq-1,10,regulatory,malT,1.1019364349969347e-19,2.6446474439926433e-17,0.875,0.7777777777777778,0.823529411764706,7.0,
RNAseq-1_11,RNAseq-1,11,regulatory,cra,1.6763543393587228e-12,4.0232504144609336e-10,0.7272727272727273,0.1095890410958904,0.19047619047619047,8.0,
RNAseq-1_12,RNAseq-1,12,genomic,b3751|b1337|b1338|b1339|b1340|b1341|b1342|b1343|b1344|b1345|b1346|b1347|b1348|b1349|b1350|b1351|b1352|b1355|b1356|b1357|b1358|b1359|b1360|b1361|b1362|b1363|b1365|b1366|b1368|b1370|b1372|b1374|b1375|b1377|b1378|b1379|b1380|b1381|b1382|b1383|b1384|b1385|b1386|b1387|b1388|b1389|b1390|b1391|b1392|b1393|b1394|b1395|b1396|b1397|b1398|b1399|b1400|b1406|b1407|b1408|b1409|b1410|b1411|b1412|b1413|b1414|b1415|b1418|b1419|b1420|b1424|b1426|b1427|b1428|b1429|b1430|b1431|b1432|b1434|b1435|b1436|b1438|b1439|b1440|b1441|b1442|b1444|b1445|b1446|b1447|b1448|b1449|b1451|b1452|b1454|b1455|b1456|b1459_1|b1461|b1463|b1464|b1465|b1466|b1467|b1468|b1469|b1471_1|b1472|b1473|b1475|b1476|b1477|b1479|b1480|b1482|b1483|b1484|b1485|b1487|b1488|b1490|b1491|b1492|b1493|b1494|b1495|b1496|b1497|b1498|b1499|b1500|b1501|b4493_1,1.5028909114978006e-06,5.277909041415118e-05,,,,,10.76411193957568
RNAseq-1_13,RNAseq-1,13,regulatory,gcvA,4.111988882298097e-10,9.868773317515432e-08,1.0,0.75,0.8571428571428571,3.0,
RNAseq-1_14,RNAseq-1,14,regulatory,soxS,5.10072285732565e-23,1.2241734857581559e-20,0.4411764705882353,0.3947368421052632,0.4166666666666666,15.0,
RNAseq-1_15,RNAseq-1,15,genomic,b3346,1.749030165587584e-06,0.00015916174506847014,,,,,13.899954195687046
RNAseq-1_16,RNAseq-1,16,regulatory,fur,1.3511989868469178e-47,3.242877568432603e-45,0.8095238095238095,0.3063063063063063,0.4444444444444444,34.0,
RNAseq-1_17,RNAseq-1,17,regulatory,argR,1.3193862784665913e-20,3.1665270683198187e-18,0.9090909090909092,0.2777777777777778,0.4255319148936171,10.0,
RNAseq-1_18,RNAseq-1,18,regulatory,prpR,2.6509802518758067e-12,6.362352604501937e-10,0.8,0.8,0.8000000000000002,4.0,
RNAseq-1_19,RNAseq-1,19,regulatory,gadX,1.7553772689710238e-18,4.212905445530457e-16,1.0,0.2962962962962963,0.4571428571428571,8.0,
RNAseq-1_20,RNAseq-1,20,regulatory,puuR,0.0,0.0,1.0,1.0,1.0,6.0,
RNAseq-1_22,RNAseq-1,22,regulatory,narL,1.6663538439193784e-38,3.999249225406508e-36,0.9615384615384616,0.21367521367521367,0.34965034965034963,25.0,
RNAseq-1_23,RNAseq-1,23,regulatory,fadR,9.141831829604412e-22,2.194039639105059e-19,1.0,0.4090909090909091,0.5806451612903226,9.0,
RNAseq-1_24,RNAseq-1,24,regulatory,lrp,4.262009551236812e-27,1.0228822922968347e-24,0.59375,0.2878787878787879,0.3877551020408164,19.0,
RNAseq-1_25,RNAseq-1,25,biological,iron-sulfur cluster assembly,3.5943628204137348e-09,1.196563382915732e-05,0.29411764705882354,0.3125,0.30303030303030304,5.0,
RNAseq-1_26,RNAseq-1,26,regulatory,fliA,4.83481396747736e-44,1.1603553521945664e-41,0.96,0.3692307692307693,0.5333333333333334,24.0,
RNAseq-1_28,RNAseq-1,28,genomic,b2265|b0593,3.5679487007111983e-06,0.00032468333176471914,,,,,11.655657639427604
RNAseq-1_29,RNAseq-1,29,regulatory,csqR,1.8378496702203832e-26,4.410839208528919e-24,1.0,0.9,0.9473684210526316,9.0,
RNAseq-1_30,RNAseq-1,30,biological,phosphoenolpyruvate-glycerone phosphotransferase activity,3.597990272022701e-09,1.197770961556357e-05,0.42857142857142855,1.0,0.6,3.0,
RNAseq-1_32,RNAseq-1,32,regulatory,yieP,4.0184056405206804e-10,9.644173537249633e-08,0.625,0.2,0.30303030303030304,5.0,
RNAseq-1_33,RNAseq-1,33,regulatory,gadW,1.4340758969187795e-27,3.4417821526050707e-25,0.7333333333333333,0.8461538461538461,0.7857142857142856,11.0,
RNAseq-1_34,RNAseq-1,34,regulatory,yiaJ,5.222512625217575e-29,1.2534030300522183e-26,1.0,0.9090909090909092,0.9523809523809524,10.0,
RNAseq-1_35,RNAseq-1,35,biological,hyperosmotic response,5.75678443522022e-09,1.9164335384848113e-05,1.0,0.375,0.5454545454545454,3.0,
RNAseq-1_36,RNAseq-1,36,biological,lipopolysaccharide core region biosynthetic process,4.046961969202082e-11,1.3472336395473732e-07,0.14516129032258066,0.375,0.2093023255813954,9.0,
RNAseq-1_37,RNAseq-1,37,regulatory,arcA,2.46069470620739e-13,5.905667294897737e-11,0.4324324324324325,0.09876543209876544,0.16080402010050251,16.0,
RNAseq-1_38,RNAseq-1,38,biological,e14 prophage,7.197175162408112e-18,2.395939611565661e-14,0.8,0.3809523809523809,0.5161290322580645,8.0,
RNAseq-1_39,RNAseq-1,39,biological,cytosolic large ribosomal subunit,7.051106012448823e-07,0.002347313191544213,0.14634146341463414,0.1875,0.16438356164383558,6.0,
RNAseq-1_40,RNAseq-1,40,regulatory,cdaR,0.0,0.0,1.0,1.0,1.0,7.0,
RNAseq-1_41,RNAseq-1,41,regulatory,rpoH,5.5470678514767477e-17,1.3312962843544196e-14,1.0,0.08208955223880597,0.1517241379310345,11.0,
RNAseq-1_42,RNAseq-1,42,genomic,b3515,1.5075755624871512e-05,0.0006859468809316537,,,,,6.76437627396027
RNAseq-1_43,RNAseq-1,43,regulatory,lrp,1.3294829956284995e-10,3.190759189508399e-08,0.8571428571428571,0.09090909090909093,0.1643835616438356,6.0,
RNAseq-1_44,RNAseq-1,44,regulatory,ntrC,2.138265031823416e-45,5.131836076376199e-43,0.6341463414634146,0.6190476190476191,0.6265060240963854,26.0,
RNAseq-1_45,RNAseq-1,45,regulatory,nac,8.90626233337948e-23,2.1375029600110747e-20,0.4444444444444444,0.6,0.5106382978723405,12.0,
RNAseq-1_46,RNAseq-1,46,regulatory,cysB,4.510412387453151e-28,1.0824989729887562e-25,0.7368421052631579,0.4827586206896552,0.5833333333333334,14.0,
RNAseq-1_47,RNAseq-1,47,regulatory,nagC,3.013796971542285e-15,7.233112731701486e-13,0.7272727272727273,0.22857142857142854,0.3478260869565217,8.0,
RNAseq-1_48,RNAseq-1,48,regulatory,fecI,8.209063538012624e-16,1.9701752491230294e-13,0.8333333333333334,1.0,0.9090909090909092,5.0,
RNAseq-1_50,RNAseq-1,50,genomic,b1820|b1821|b1822|b1823|b1824|b1825|b1826|b1827|b1829|b1830|b1834|b1835|b1836|b1837|b1838|b1839|b1840|b1841|b1842|b1843|b1844|b1846|b1847|b1848|b1849|b1850|b1851|b1852|b1853|b1854|b1855|b1856|b1857,0.0,0.0,,,,,39.02805143372922
RNAseq-1_51,RNAseq-1,51,biological,enterobactin biosynthetic process,1.2968360594641962e-10,4.317167241956309e-07,0.5714285714285714,0.5714285714285714,0.5714285714285714,4.0,
RNAseq-1_52,RNAseq-1,52,genomic,b0683,4.609726371174183e-06,0.0002097425498884253,,,,,14.441599252037413
RNAseq-1_53,RNAseq-1,53,regulatory,cbl,1.0378196509438943e-17,2.490767162265347e-15,0.8571428571428571,0.8571428571428571,0.8571428571428571,6.0,
RNAseq-1_54,RNAseq-1,54,regulatory,TPP,1.8378496702203832e-26,4.410839208528919e-24,1.0,0.9,0.9473684210526316,9.0,
RNAseq-1_55,RNAseq-1,55,regulatory,cpxR,1.802808995724928e-11,4.326741589739827e-09,0.5333333333333333,0.12698412698412698,0.2051282051282051,8.0,
RNAseq-1_56,RNAseq-1,56,regulatory,xylR,1.3684060917146355e-15,3.284174620115125e-13,0.5,0.8571428571428571,0.631578947368421,6.0,
RNAseq-1_57,RNAseq-1,57,regulatory,his-tRNA,7.116153923068305e-24,1.707876941536393e-21,0.8888888888888888,1.0,0.9411764705882352,8.0,
RNAseq-1_58,RNAseq-1,58,regulatory,glpR,0.0,0.0,1.0,1.0,1.0,8.0,
RNAseq-1_59,RNAseq-1,59,regulatory,purR,1.4012323074385455e-19,3.362957537852509e-17,0.7142857142857143,0.3333333333333333,0.4545454545454545,10.0,
RNAseq-1_60,RNAseq-1,60,regulatory,araC,4.108597889494838e-14,9.860634934787609e-12,0.3888888888888889,0.5,0.4375000000000001,7.0,
RNAseq-1_61,RNAseq-1,61,regulatory,oxyR,1.5597877447266512e-13,3.7434905873439636e-11,1.0,0.1935483870967742,0.3243243243243243,6.0,
RNAseq-1_62,RNAseq-1,62,biological,lipopolysaccharide core region biosynthetic process,8.099529937853819e-11,2.6963335163115357e-07,0.2692307692307692,0.2916666666666667,0.28,7.0,
RNAseq-1_63,RNAseq-1,63,biological,detoxification of copper ion,5.931710427455816e-18,1.974666401300041e-14,0.75,1.0,0.8571428571428571,6.0,
RNAseq-1_64,RNAseq-1,64,regulatory,rpoS,2.714013816163693e-19,6.513633158792864e-17,0.4111111111111111,0.12585034013605442,0.1927083333333333,37.0,
RNAseq-1_65,RNAseq-1,65,regulatory,flhD;flhC,2.4708006849751435e-66,5.929921643940346e-64,0.9736842105263158,0.4743589743589744,0.6379310344827586,37.0,
RNAseq-1_66,RNAseq-1,66,regulatory,rcsA;rcsB,3.1400545727184947e-13,7.536130974524386e-11,0.3043478260869565,0.5,0.3783783783783784,7.0,
RNAseq-1_67,RNAseq-1,67,regulatory,fucR,4.445349196273487e-15,1.0668838071056371e-12,0.42857142857142855,0.8571428571428571,0.5714285714285714,6.0,
RNAseq-1_68,RNAseq-1,68,genomic,b3357,1.51489220471257e-05,0.0004165321919854525,,,,,10.591719888246852
RNAseq-1_69,RNAseq-1,69,genomic,b0002|b4252,1.1559042201181312e-07,6.366914314215322e-06,,,,,-12.9786947850509
RNAseq-1_70,RNAseq-1,70,regulatory,evgA,1.2480177065930595e-23,2.9952424958233426e-21,0.5789473684210527,0.6470588235294118,0.6111111111111113,11.0,
RNAseq-1_71,RNAseq-1,71,regulatory,gntR,8.066421836947632e-22,1.9359412408674319e-19,0.6428571428571429,0.75,0.6923076923076924,9.0,
RNAseq-1_72,RNAseq-1,72,regulatory,nikR,8.209063537997693e-16,1.970175249119446e-13,1.0,0.8333333333333334,0.9090909090909092,5.0,
RNAseq-1_73,RNAseq-1,73,regulatory,metJ,3.1307486206987427e-25,7.513796689676982e-23,0.7142857142857143,0.8333333333333334,0.7692307692307692,10.0,
RNAseq-1_74,RNAseq-1,74,regulatory,fur,3.7019209963636334e-20,8.884610391272719e-18,0.75,0.13513513513513514,0.2290076335877863,15.0,
RNAseq-1_75,RNAseq-1,75,regulatory,fnr,7.08542725168445e-11,1.7005025404042684e-08,0.5,0.057347670250896064,0.10289389067524116,16.0,
RNAseq-1_76,RNAseq-1,76,regulatory,gatR,1.1722542732282016e-12,2.813410255747684e-10,0.2777777777777778,1.0,0.4347826086956522,5.0,
RNAseq-1_77,RNAseq-1,77,regulatory,trpR,1.8284200598231393e-09,4.3882081435755346e-07,0.5714285714285714,0.3333333333333333,0.4210526315789474,4.0,
RNAseq-1_80,RNAseq-1,80,biological,transcriptional attenuation,2.2615938852714198e-08,7.528846044068558e-05,0.25,1.0,0.4,3.0,
RNAseq-1_81,RNAseq-1,81,regulatory,narP,3.834554790419483e-12,9.202931497006761e-10,0.7,0.14285714285714285,0.23728813559322035,7.0,
RNAseq-1_82,RNAseq-1,82,regulatory,narL,2.1124922024491067e-09,5.069981285877858e-07,0.7,0.059829059829059825,0.11023622047244094,7.0,
RNAseq-1_83,RNAseq-1,83,regulatory,trpR,1.6377290641519088e-14,2.0686840115791956e-12,0.6666666666666666,0.5,0.5714285714285715,6.0,
RNAseq-1_85,RNAseq-1,85,regulatory,atoC,5.303055045511234e-13,1.2727332109226963e-10,0.8,1.0,0.8888888888888891,4.0,
RNAseq-1_86,RNAseq-1,86,genomic,b1658|b4252,9.757150187805763e-08,8.879006670903244e-06,,,,,11.797761895485875
RNAseq-1_87,RNAseq-1,87,regulatory,leu-tRNA,5.862742328038777e-21,1.4070581587293063e-18,0.7272727272727273,0.8,0.7619047619047621,8.0,
RNAseq-1_88,RNAseq-1,88,regulatory,cecR,0.0,0.0,1.0,1.0,1.0,4.0,
RNAseq-1_89,RNAseq-1,89,regulatory,srlR,1.590916513657685e-12,1.909099816389222e-10,1.0,0.6666666666666666,0.8,4.0,
RNAseq-1_90,RNAseq-1,90,genomic,b0002|b4252,1.1379115451237707e-05,0.0003451665020208772,,,,,11.534035827994645
RNAseq-2_0,RNAseq-2,0,regulatory,crp,4.0720130649118266e-15,9.772831355788383e-13,0.4805194805194805,0.07872340425531915,0.13528336380255945,37.0,
RNAseq-2_1,RNAseq-2,1,biological,electron transfer activity,3.5561088679283565e-09,1.1838286421333498e-05,0.18,0.1956521739130435,0.1875,9.0,
RNAseq-2_2,RNAseq-2,2,regulatory,rob,5.919552974920431e-19,1.4206927139809034e-16,0.23214285714285715,0.5416666666666666,0.325,13.0,
RNAseq-2_3,RNAseq-2,3,regulatory,nikR,4.924378888788112e-15,1.181850933309147e-12,0.8333333333333334,0.8333333333333334,0.8333333333333334,5.0,
RNAseq-2_5,RNAseq-2,5,regulatory,argR,3.1500389968656323e-22,7.560093592477518e-20,0.7058823529411765,0.3333333333333333,0.4528301886792453,12.0,
RNAseq-2_6,RNAseq-2,6,biological,detoxification of copper ion,9.787322205302075e-17,3.2581995621450605e-13,0.5454545454545454,1.0,0.7058823529411764,6.0,
RNAseq-2_7,RNAseq-2,7,regulatory,narL,4.957253713120103e-38,1.1897408911488246e-35,0.8,0.2393162393162393,0.3684210526315789,28.0,
RNAseq-2_9,RNAseq-2,9,regulatory,his-tRNA,1.6069008141535947e-13,3.856561953968628e-11,0.7142857142857143,0.625,0.6666666666666666,5.0,
RNAseq-2_10,RNAseq-2,10,regulatory,cbl,6.843546306046562e-16,1.6424511134511752e-13,0.5454545454545454,0.8571428571428571,0.6666666666666665,6.0,
RNAseq-2_11,RNAseq-2,11,regulatory,lrp,3.362969940281855e-11,8.071127856676451e-09,0.3225806451612903,0.15151515151515152,0.20618556701030927,10.0,
RNAseq-2_12,RNAseq-2,12,regulatory,tyrR,6.040771631740669e-12,1.4497851916177604e-09,0.625,0.4166666666666667,0.5,5.0,
RNAseq-2_13,RNAseq-2,13,genomic,b0042|b0043|b0044|b0045|b0046|b0047|b0048|b0049|b0050|b0051|b0052|b0053,3.5566945610909784e-08,1.8494811717673088e-06,,,,,-17.983626694691516
RNAseq-2_14,RNAseq-2,14,regulatory,fhlA,1.0414009436147603e-21,2.4993622646754247e-19,0.9090909090909092,0.3448275862068966,0.5000000000000001,10.0,
RNAseq-2_15,RNAseq-2,15,biological,L-lactate dehydrogenase activity,1.4935789382903486e-07,0.0004972124285568568,0.21428571428571427,0.75,0.3333333333333333,3.0,
RNAseq-2_16,RNAseq-2,16,biological,enterobactin biosynthetic process,1.4668721785773978e-14,4.883217482484157e-11,0.1590909090909091,1.0,0.2745098039215686,7.0,
RNAseq-2_17,RNAseq-2,17,regulatory,ntrC,2.1253676249914286e-17,5.1008822999794294e-15,0.4137931034482759,0.2857142857142857,0.3380281690140845,12.0,
RNAseq-2_18,RNAseq-2,18,regulatory,rcsA;rcsB,1.4245528529550557e-12,3.418926847092134e-10,0.1568627450980392,0.5714285714285714,0.2461538461538461,8.0,
RNAseq-2_21,RNAseq-2,21,biological,NADH dehydrogenase complex,3.784373095531917e-23,1.259817803502575e-19,0.625,0.7142857142857143,0.6666666666666666,10.0,
RNAseq-2_22,RNAseq-2,22,regulatory,cysB,1.7571119123116646e-09,4.217068589547995e-07,0.3333333333333333,0.20689655172413796,0.2553191489361702,6.0,
RNAseq-2_23,RNAseq-2,23,regulatory,appY,8.853353071192204e-14,2.124804737086129e-11,0.4,0.6666666666666666,0.5,6.0,
RNAseq-2_24,RNAseq-2,24,regulatory,flhD;flhC,6.79340943411202e-30,1.6304182641868848e-27,0.7407407407407407,0.2564102564102564,0.3809523809523809,20.0,
RNAseq-2_25,RNAseq-2,25,regulatory,cysB,5.6426884379853126e-36,1.3542452251164754e-33,0.5,0.6896551724137931,0.5797101449275363,20.0,
RNAseq-2_26,RNAseq-2,26,regulatory,trpR,1.1688751474663613e-18,2.805300353919267e-16,0.5714285714285714,0.6666666666666666,0.6153846153846153,8.0,
RNAseq-2_27,RNAseq-2,27,regulatory,soxS,1.8584908180947557e-31,4.460377963427415e-29,0.3962264150943397,0.5526315789473685,0.4615384615384616,21.0,
RNAseq-2_29,RNAseq-2,29,genomic,b0375|b0377|b0378|b0379|b0380|b0381|b0382|b0383|b0384|b0385|b0386,8.305668966945845e-05,0.004318947862811839,,,,,25.443075441326336
RNAseq-2_30,RNAseq-2,30,regulatory,rpoH,8.394087516035002e-22,2.0145810038484006e-19,0.9375,0.11194029850746268,0.2,15.0,
RNAseq-2_31,RNAseq-2,31,biological,structural constituent of ribosome,1.2338209791123226e-46,4.107390039464922e-43,0.6923076923076923,0.5625,0.6206896551724138,27.0,
RNAseq-2_32,RNAseq-2,32,biological,phosphate ion transport,1.2686513699152105e-06,0.0021116702052238674,0.06976744186046513,1.0,0.13043478260869565,3.0,
RNAseq-2_34,RNAseq-2,34,regulatory,malT,2.3342668766503425e-15,5.602240503960821e-13,0.3181818181818182,0.7777777777777778,0.4516129032258064,7.0,
RNAseq-2_35,RNAseq-2,35,regulatory,zur,4.108636300775324e-13,9.86072712186078e-11,0.3333333333333333,1.0,0.5,5.0,
RNAseq-2_36,RNAseq-2,36,biological,trimethylamine-N-oxide reductase (cytochrome c) activity,1.1957663669787671e-06,0.0039807062356723155,0.6666666666666666,0.6666666666666666,0.6666666666666666,2.0,
RNAseq-2_37,RNAseq-2,37,regulatory,UTP,1.0096517788545318e-18,2.423164269250876e-16,0.6363636363636364,0.875,0.7368421052631579,7.0,
RNAseq-2_38,RNAseq-2,38,biological,L-glutamine transmembrane transporter activity,5.979859832058073e-06,0.006635651126973775,0.2,1.0,0.33333333333333337,2.0,
RNAseq-2_39,RNAseq-2,39,regulatory,gadX,3.367111347046588e-30,8.081067232911812e-28,0.3829787234042553,0.6666666666666666,0.4864864864864865,18.0,
RNAseq-2_40,RNAseq-2,40,regulatory,dpiA,2.1061074076524443e-10,5.054657778365866e-08,0.29411764705882354,0.5,0.3703703703703704,5.0,
RNAseq-2_41,RNAseq-2,41,regulatory,purR,3.4102990041130137e-10,5.391618138140667e-08,0.28,0.2333333333333333,0.2545454545454545,7.0,
RNAseq-2_42,RNAseq-2,42,regulatory,ypdB,0.0,0.0,1.0,1.0,1.0,1.0,
RNAseq-2_43,RNAseq-2,43,regulatory,metJ,8.492008015926495e-11,2.038081923822359e-08,0.4166666666666667,0.4166666666666667,0.4166666666666667,5.0,
RNAseq-2_44,RNAseq-2,44,regulatory,rpoS,1.2609685155216855e-20,3.0263244372520447e-18,0.3207547169811321,0.17346938775510204,0.22516556291390727,51.0,
RNAseq-2_45,RNAseq-2,45,regulatory,fur,1.3515936783866204e-61,3.243824828127889e-59,0.8269230769230769,0.38738738738738737,0.5276073619631901,43.0,
RNAseq-2_47,RNAseq-2,47,regulatory,arcA,2.543645659104568e-13,6.104749581850962e-11,0.3953488372093023,0.10493827160493828,0.16585365853658535,17.0,
RNAseq-2_50,RNAseq-2,50,regulatory,tdcR,1.3684060917146355e-15,1.6420873100575626e-13,0.5,0.8571428571428571,0.631578947368421,6.0,
full-dataset-ind_0,full-dataset-ind,0,regulatory,lrp,9.863467688454631e-16,2.367232245229112e-13,0.5789473684210527,0.16666666666666666,0.2588235294117647,11.0,
full-dataset-ind_1,full-dataset-ind,1,regulatory,tdcA,0.0,0.0,1.0,1.0,1.0,7.0,
full-dataset-ind_2,full-dataset-ind,2,genomic,b3751|b1337|b1338|b1339|b1340|b1341|b1342|b1343|b1344|b1345|b1346|b1347|b1348|b1349|b1350|b1351|b1352|b1355|b1356|b1357|b1358|b1359|b1360|b1361|b1362|b1363|b1365|b1366|b1368|b1370|b1372|b1374|b1375|b1377|b1378|b1379|b1380|b1381|b1382|b1383|b1384|b1385|b1386|b1387|b1388|b1389|b1390|b1391|b1392|b1393|b1394|b1395|b1396|b1397|b1398|b1399|b1400|b1406|b1407|b1408|b1409|b1410|b1411|b1412|b1413|b1414|b1415|b1418|b1419|b1420|b1424|b1426|b1427|b1428|b1429|b1430|b1431|b1432|b1434|b1435|b1436|b1438|b1439|b1440|b1441|b1442|b1444|b1445|b1446|b1447|b1448|b1449|b1451|b1452|b1454|b1455|b1456|b1459_1|b1461|b1463|b1464|b1465|b1466|b1467|b1468|b1469|b1471_1|b1472|b1473|b1475|b1476|b1477|b1479|b1480|b1482|b1483|b1484|b1485|b1487|b1488|b1490|b1491|b1492|b1493|b1494|b1495|b1496|b1497|b1498|b1499|b1500|b1501|b4493_1,0.002129824783726919,0.014549536911110916,,,,,9.765653515638768
full-dataset-ind_3,full-dataset-ind,3,regulatory,purR,1.4596608021057678e-28,3.5031859250538437e-26,0.6521739130434783,0.5,0.5660377358490566,15.0,
full-dataset-ind_4,full-dataset-ind,4,regulatory,yiaJ,5.743414401236098e-28,1.3784194562966632e-25,0.9090909090909092,0.9090909090909092,0.9090909090909092,10.0,
full-dataset-ind_5,full-dataset-ind,5,regulatory,fliA,6.049771291430609e-50,1.4519451099433464e-47,0.9642857142857144,0.4153846153846154,0.5806451612903226,27.0,
full-dataset-ind_7,full-dataset-ind,7,regulatory,nadR,4.111988882298097e-10,9.868773317515432e-08,1.0,0.75,0.8571428571428571,3.0,
full-dataset-ind_8,full-dataset-ind,8,regulatory,nrdR,1.7795131282343888e-17,4.270831507762535e-15,1.0,0.6666666666666666,0.8,6.0,
full-dataset-ind_9,full-dataset-ind,9,genomic,b3357,0.0023023831975982345,0.04288638826942992,,,,,5.92308168123788
full-dataset-ind_10,full-dataset-ind,10,regulatory,fur,3.3298382143366876e-49,7.991611714408051e-47,0.813953488372093,0.3153153153153153,0.4545454545454545,35.0,
full-dataset-ind_12,full-dataset-ind,12,regulatory,ntrC,1.1638646102892514e-10,2.7932750646942036e-08,1.0,0.11904761904761905,0.21276595744680848,5.0,
full-dataset-ind_14,full-dataset-ind,14,regulatory,nagC,1.5512952805668255e-23,3.7231086733603816e-21,0.65,0.37142857142857133,0.4727272727272728,13.0,
full-dataset-ind_15,full-dataset-ind,15,regulatory,cysB,2.1294933187968917e-14,5.110783965112541e-12,0.7777777777777778,0.2413793103448276,0.368421052631579,7.0,
full-dataset-ind_16,full-dataset-ind,16,regulatory,gntR,7.849050004017746e-10,1.8837720009642594e-07,0.6666666666666666,0.3333333333333333,0.4444444444444444,4.0,
full-dataset-ind_17,full-dataset-ind,17,regulatory,gadW,4.568737437633905e-20,1.0293158197283827e-17,0.8,0.6153846153846154,0.6956521739130435,8.0,
full-dataset-ind_18,full-dataset-ind,18,regulatory,ygbI,1.723903342982663e-14,4.137368023158391e-12,0.5555555555555556,1.0,0.7142857142857143,5.0,
full-dataset-ind_19,full-dataset-ind,19,regulatory,dpiA,2.0664596201646022e-13,4.959503088395046e-11,0.8333333333333334,0.5,0.625,5.0,
full-dataset-ind_20,full-dataset-ind,20,regulatory,ile-tRNA,3.0623182382379825e-21,7.3495637717711575e-19,1.0,0.875,0.9333333333333332,7.0,
full-dataset-ind_22,full-dataset-ind,22,genomic,b2265|b0593,5.339431163431385e-06,0.0009664370405810807,,,,,12.549338617600277
full-dataset-ind_23,full-dataset-ind,23,biological,CP4-44 prophage,8.635176652843056e-09,2.8746503077314533e-05,1.0,0.3333333333333333,0.5,3.0,
full-dataset-ind_24,full-dataset-ind,24,regulatory,fadR,1.8026916718151158e-18,4.326460012356279e-16,0.6428571428571429,0.4090909090909091,0.5000000000000001,9.0,
full-dataset-ind_25,full-dataset-ind,25,regulatory,galR,2.0664596201646022e-13,2.479751544197523e-11,0.8333333333333334,0.5,0.625,5.0,
full-dataset-ind_26,full-dataset-ind,26,regulatory,araC,1.42047616125525e-23,3.4091427870125995e-21,0.6666666666666666,0.7142857142857143,0.6896551724137929,10.0,
full-dataset-ind_28,full-dataset-ind,28,regulatory,narP,2.339042449994764e-34,5.613701879987433e-32,1.0,0.3469387755102041,0.5151515151515151,17.0,
full-dataset-ind_29,full-dataset-ind,29,regulatory,xylR,1.3684060917146355e-15,3.284174620115125e-13,0.5,0.8571428571428571,0.631578947368421,6.0,
full-dataset-ind_30,full-dataset-ind,30,regulatory,argR,2.866050338585803e-37,6.878520812605927e-35,0.9,0.5,0.6428571428571429,18.0,
full-dataset-ind_32,full-dataset-ind,32,genomic,b0375|b0377|b0378|b0379|b0380|b0381|b0382|b0383|b0384|b0385|b0386,7.763263332183358e-08,1.4051506631251874e-05,,,,,21.43069863275937
full-dataset-ind_33,full-dataset-ind,33,regulatory,cdaR,3.0623182382419867e-21,7.349563771780767e-19,0.875,1.0,0.9333333333333332,7.0,
full-dataset-ind_34,full-dataset-ind,34,biological,aerobic respiration,1.0390337581802926e-06,0.003458943380982194,0.1016949152542373,0.25,0.14457831325301204,6.0,
full-dataset-ind_36,full-dataset-ind,36,regulatory,pdhR,5.848414383778028e-13,5.1934327999033865e-11,1.0,0.15789473684210525,0.2727272727272727,6.0,
full-dataset-ind_37,full-dataset-ind,37,regulatory,dhaR,1.644477369603838e-09,3.946745687049211e-07,0.75,0.75,0.75,3.0,
full-dataset-ind_40,full-dataset-ind,40,regulatory,flhD;flhC,4.314535701834733e-38,1.035488568440336e-35,0.8275862068965517,0.3076923076923077,0.44859813084112143,24.0,
full-dataset-ind_41,full-dataset-ind,41,biological,formate dehydrogenase (quinone) activity,4.110397965794765e-09,6.841757414065388e-06,0.75,0.6,0.6666666666666665,3.0,
full-dataset-ind_42,full-dataset-ind,42,regulatory,fliZ,1.5909165136634728e-12,3.818199632792335e-10,1.0,0.2631578947368421,0.4166666666666667,5.0,
full-dataset-ind_46,full-dataset-ind,46,genomic,b3346,3.4830843713362654e-05,0.006304382712118639,,,,,13.670925775678723
full-dataset-ind_47,full-dataset-ind,47,regulatory,csqR,0.0,0.0,1.0,1.0,1.0,10.0,
full-dataset-ind_48,full-dataset-ind,48,regulatory,narL,3.008163230510176e-12,7.219591753224421e-10,0.3939393939393939,0.1111111111111111,0.17333333333333334,13.0,
full-dataset-ind_49,full-dataset-ind,49,regulatory,tyrR,1.368406091711232e-15,3.284174620106957e-13,0.8571428571428571,0.5,0.631578947368421,6.0,
full-dataset-ind_50,full-dataset-ind,50,biological,"proton-transporting ATP synthase activity, rotational mechanism",3.0623182382379825e-21,1.0194457415094244e-17,1.0,0.875,0.9333333333333332,7.0,
full-dataset-ind_51,full-dataset-ind,51,genomic,b0002|b4252,1.529055694726722e-06,0.0002767590807455367,,,,,12.272446704461338
full-dataset-ind_52,full-dataset-ind,52,biological,lipopolysaccharide core region biosynthetic process,2.4526241331968824e-14,8.164785739412421e-11,0.4444444444444444,0.3333333333333333,0.38095238095238104,8.0,
full-dataset-ind_53,full-dataset-ind,53,genomic,b1820|b1821|b1822|b1823|b1824|b1825|b1826|b1827|b1829|b1830|b1834|b1835|b1836|b1837|b1838|b1839|b1840|b1841|b1842|b1843|b1844|b1846|b1847|b1848|b1849|b1850|b1851|b1852|b1853|b1854|b1855|b1856|b1857,1.658936821247181e-08,3.0026756464573982e-06,,,,,36.86304432219589
full-dataset-ind_55,full-dataset-ind,55,biological,cytosol,1.1941001988670346e-11,3.975159562028358e-08,0.6851851851851852,0.038421599169262716,0.07276302851524091,37.0,
full-dataset-ind_56,full-dataset-ind,56,regulatory,cysB,2.7925820253221556e-19,6.702196860773174e-17,0.6666666666666666,0.3448275862068966,0.4545454545454545,10.0,
full-dataset-ind_57,full-dataset-ind,57,regulatory,narL,1.3525643452071376e-16,3.2461544284971295e-14,0.8,0.10256410256410256,0.18181818181818185,12.0,
full-dataset-ind_58,full-dataset-ind,58,regulatory,fucR,1.8308045088722096e-14,4.393930821293303e-12,0.35294117647058826,0.8571428571428571,0.5,6.0,
full-dataset-ind_59,full-dataset-ind,59,biological,lipopolysaccharide core region biosynthetic process,3.9363990915604775e-21,1.3104272575804831e-17,0.2545454545454545,0.5833333333333334,0.3544303797468354,14.0,
full-dataset-ind_60,full-dataset-ind,60,regulatory,gcvA,1.644477369603838e-09,3.946745687049211e-07,0.75,0.75,0.75,3.0,
full-dataset-ind_61,full-dataset-ind,61,regulatory,fnr,3.4448397501306394e-14,8.267615400313531e-12,0.5121951219512195,0.07526881720430108,0.13124999999999998,21.0,
full-dataset-ind_63,full-dataset-ind,63,regulatory,fur,5.386295231317613e-25,1.292710855516227e-22,0.7307692307692307,0.17117117117117114,0.2773722627737226,19.0,
full-dataset-ind_64,full-dataset-ind,64,biological,e14 prophage,2.040007191969228e-16,6.791183942065559e-13,0.6153846153846154,0.3809523809523809,0.4705882352941176,8.0,
full-dataset-ind_65,full-dataset-ind,65,regulatory,ypdB,0.0,0.0,1.0,1.0,1.0,1.0,
full-dataset-ind_66,full-dataset-ind,66,regulatory,malT,6.403068251088436e-23,1.5367363802612247e-20,0.8888888888888888,0.8888888888888888,0.8888888888888888,8.0,
full-dataset-ind_67,full-dataset-ind,67,regulatory,narP,3.1790230887206833e-15,7.629655412929641e-13,0.8888888888888888,0.16326530612244894,0.27586206896551724,8.0,
full-dataset-ind_68,full-dataset-ind,68,regulatory,rpoE,2.2771233406484143e-11,5.465096017556194e-09,1.0,0.05833333333333333,0.11023622047244094,7.0,
full-dataset-ind_69,full-dataset-ind,69,regulatory,cra,4.9540101255111745e-12,1.1889624301226821e-09,0.6666666666666666,0.1095890410958904,0.18823529411764706,8.0,
full-dataset-ind_70,full-dataset-ind,70,biological,DNA polymerase V complex,1.3288577404573524e-07,0.00044237674179825257,1.0,1.0,1.0,2.0,
full-dataset-ind_72,full-dataset-ind,72,regulatory,fur,1.1040246014114595e-19,2.649659043387503e-17,0.64,0.14414414414414414,0.2352941176470588,16.0,
full-dataset-ind_73,full-dataset-ind,73,biological,trimethylamine-N-oxide reductase (cytochrome c) activity,1.1957663669787671e-06,0.0039807062356723155,0.6666666666666666,0.6666666666666666,0.6666666666666666,2.0,
full-dataset-ind_74,full-dataset-ind,74,regulatory,bluR,0.0,0.0,1.0,1.0,1.0,4.0,
full-dataset-ind_75,full-dataset-ind,75,regulatory,oxyR,1.5597877447266512e-13,2.303686515293407e-11,1.0,0.1935483870967742,0.3243243243243243,6.0,
full-dataset-ind_76,full-dataset-ind,76,regulatory,soxS,1.0061504036420884e-22,2.4147609687410126e-20,0.3555555555555556,0.42105263157894735,0.3855421686746988,16.0,
full-dataset-ind_78,full-dataset-ind,78,regulatory,trpR,3.913884657687169e-22,9.393323178449202e-20,1.0,0.6666666666666666,0.8,8.0,
full-dataset-ind_79,full-dataset-ind,79,regulatory,puuR,0.0,0.0,1.0,1.0,1.0,6.0,
full-dataset-ind_80,full-dataset-ind,80,regulatory,lrp,1.9248139341801013e-11,4.619553442032243e-09,1.0,0.09090909090909093,0.16666666666666669,6.0,
full-dataset-ind_81,full-dataset-ind,81,biological,fatty acid beta-oxidation,2.403366446211692e-08,8.000806899438721e-05,0.16666666666666666,0.38461538461538464,0.2325581395348837,5.0,
full-dataset-ind_83,full-dataset-ind,83,regulatory,fecI,8.209063538012624e-16,1.9701752491230294e-13,0.8333333333333334,1.0,0.9090909090909092,5.0,
full-dataset-ind_84,full-dataset-ind,84,regulatory,appY,1.314062514205949e-24,3.153750034094277e-22,0.6923076923076923,1.0,0.8181818181818181,9.0,
full-dataset-ind_85,full-dataset-ind,85,genomic,b0683,6.535776252425407e-07,0.00011829755016889988,,,,,12.364737893500953
full-dataset-ind_86,full-dataset-ind,86,biological,e14 prophage,1.2302545063556566e-29,4.095517251657982e-26,1.0,0.5714285714285714,0.7272727272727273,12.0,
full-dataset-ind_87,full-dataset-ind,87,regulatory,his-tRNA,7.116153923068305e-24,1.707876941536393e-21,0.8888888888888888,1.0,0.9411764705882352,8.0,
full-dataset-ind_88,full-dataset-ind,88,genomic,b3751|b1337|b1338|b1339|b1340|b1341|b1342|b1343|b1344|b1345|b1346|b1347|b1348|b1349|b1350|b1351|b1352|b1355|b1356|b1357|b1358|b1359|b1360|b1361|b1362|b1363|b1365|b1366|b1368|b1370|b1372|b1374|b1375|b1377|b1378|b1379|b1380|b1381|b1382|b1383|b1384|b1385|b1386|b1387|b1388|b1389|b1390|b1391|b1392|b1393|b1394|b1395|b1396|b1397|b1398|b1399|b1400|b1406|b1407|b1408|b1409|b1410|b1411|b1412|b1413|b1414|b1415|b1418|b1419|b1420|b1424|b1426|b1427|b1428|b1429|b1430|b1431|b1432|b1434|b1435|b1436|b1438|b1439|b1440|b1441|b1442|b1444|b1445|b1446|b1447|b1448|b1449|b1451|b1452|b1454|b1455|b1456|b1459_1|b1461|b1463|b1464|b1465|b1466|b1467|b1468|b1469|b1471_1|b1472|b1473|b1475|b1476|b1477|b1479|b1480|b1482|b1483|b1484|b1485|b1487|b1488|b1490|b1491|b1492|b1493|b1494|b1495|b1496|b1497|b1498|b1499|b1500|b1501|b4493_1,0.015798550560236713,0.04027517818877247,,,,,-4.1269349443119845
full-dataset-ind_89,full-dataset-ind,89,regulatory,rpoS,2.841094351666951e-23,6.818626444000683e-21,0.4651162790697674,0.1360544217687075,0.2105263157894737,40.0,
full-dataset-ind_91,full-dataset-ind,91,biological,detoxification of copper ion,1.7795131282367535e-17,5.923999203900153e-14,0.6666666666666666,1.0,0.8,6.0,
full-dataset-ind_92,full-dataset-ind,92,regulatory,gadW,1.1180428481094037e-15,2.652373249970432e-13,0.5384615384615384,0.5384615384615384,0.5384615384615384,7.0,
full-dataset-ind_93,full-dataset-ind,93,regulatory,rcsA;rcsB,1.3481299168821716e-14,3.2355118005172113e-12,0.26666666666666666,0.5714285714285714,0.3636363636363637,8.0,
full-dataset-ind_94,full-dataset-ind,94,biological,NADH dehydrogenase complex,4.9121307379384144e-30,1.6352483226596986e-26,1.0,0.7857142857142857,0.88,11.0,
full-dataset-ind_95,full-dataset-ind,95,biological,DLP12 prophage,5.813144990905997e-10,1.935195967472607e-06,0.14285714285714285,0.4117647058823529,0.21212121212121207,7.0,
full-dataset-ind_96,full-dataset-ind,96,biological,glutamine transport,4.1119888823116536e-10,1.3688810989215494e-06,0.75,1.0,0.8571428571428571,3.0,
full-dataset-ind_97,full-dataset-ind,97,regulatory,gntR,8.066421836947632e-22,1.9359412408674319e-19,0.6428571428571429,0.75,0.6923076923076924,9.0,
full-dataset-ind_98,full-dataset-ind,98,regulatory,leu-tRNA,3.447806685960138e-14,8.274736046304331e-12,1.0,0.5,0.6666666666666666,5.0,
full-dataset-ind_99,full-dataset-ind,99,regulatory,mraZ,8.925564207803153e-23,2.1421354098727566e-20,0.175,0.875,0.29166666666666663,14.0,
full-dataset-ind_100,full-dataset-ind,100,biological,asparagine biosynthetic process,1.3288577404573536e-06,0.002211883708991265,0.4,1.0,0.5714285714285715,2.0,
full-dataset-ind_101,full-dataset-ind,101,biological,aerobic electron transport chain,8.853353071192204e-14,2.947281237399885e-10,0.4,0.6666666666666666,0.5,6.0,
full-dataset-ind_102,full-dataset-ind,102,biological,iron-sulfur cluster assembly,1.433386924374626e-15,4.77174507124313e-12,0.6363636363636364,0.4375,0.5185185185185185,7.0,
full-dataset-ind_103,full-dataset-ind,103,regulatory,flhD;flhC,4.142433612139053e-36,9.941840669133726e-34,0.88,0.28205128205128205,0.4271844660194175,22.0,
full-dataset-ind_104,full-dataset-ind,104,regulatory,rbsR,1.2448323638504869e-16,2.987597673241168e-14,0.8571428571428571,0.6666666666666666,0.75,6.0,
full-dataset-ind_105,full-dataset-ind,105,regulatory,glpR,0.0,0.0,1.0,1.0,1.0,8.0,
full-dataset-ind_106,full-dataset-ind,106,regulatory,nikR,8.209063537997693e-16,1.970175249119446e-13,1.0,0.8333333333333334,0.9090909090909092,5.0,
full-dataset-ind_108,full-dataset-ind,108,regulatory,lexA,1.406684848570204e-34,3.37604363656849e-32,0.6470588235294118,0.3928571428571429,0.4888888888888888,22.0,
full-dataset-ind_109,full-dataset-ind,109,regulatory,zur,6.3209789242697e-14,1.5170349418247277e-11,0.4545454545454545,1.0,0.625,5.0,
full-dataset-ind_111,full-dataset-ind,111,biological,heme transport,3.613970791409163e-13,1.2030908764601106e-09,0.7142857142857143,0.5555555555555556,0.6250000000000001,5.0,
full-dataset-ind_112,full-dataset-ind,112,regulatory,rpoH,1.6953901187280133e-48,4.0689362849472326e-46,0.9189189189189191,0.2537313432835821,0.3976608187134503,34.0,
full-dataset-ind_113,full-dataset-ind,113,biological,ferric-enterobactin transport,4.6683282841276037e-07,0.0015540864857860792,0.125,0.4444444444444444,0.1951219512195122,4.0,
full-dataset-ind_114,full-dataset-ind,114,regulatory,birA,4.1119888823116536e-10,9.868773317547966e-08,0.75,1.0,0.8571428571428571,3.0,
full-dataset-ind_116,full-dataset-ind,116,biological,structural constituent of ribosome,2.949427855125595e-70,9.818645329713104e-67,0.7307692307692307,0.7916666666666666,0.76,38.0,
full-dataset-ind_117,full-dataset-ind,117,biological,hyperosmotic response,2.3004864909580808e-08,7.658319528399451e-05,0.75,0.375,0.5,3.0,
full-dataset-ind_118,full-dataset-ind,118,genomic,b2782,8.513158023459866e-05,0.0077044080112311794,,,,,-7.188256972687276
full-dataset-ind_119,full-dataset-ind,119,regulatory,gadX,1.7553772689710238e-18,4.212905445530457e-16,1.0,0.2962962962962963,0.4571428571428571,8.0,
full-dataset-ind_120,full-dataset-ind,120,regulatory,cysB,1.0109705758010179e-30,2.426329381922443e-28,0.53125,0.5862068965517241,0.5573770491803278,17.0,
full-dataset-ind_122,full-dataset-ind,122,regulatory,arcA,3.1463357232416152e-12,7.551205735779876e-10,0.7692307692307693,0.061728395061728385,0.1142857142857143,10.0,
full-dataset-ind_123,full-dataset-ind,123,regulatory,UTP,1.0176100109987835e-21,2.4422640263970804e-19,0.6153846153846154,1.0,0.7619047619047621,8.0,
full-dataset-ind_125,full-dataset-ind,125,regulatory,srlR,8.209063537997693e-16,9.85087624559723e-14,1.0,0.8333333333333334,0.9090909090909092,5.0,
full-dataset-ind_126,full-dataset-ind,126,regulatory,nrdR,1.0557799011618416e-10,2.53387176278842e-08,0.29411764705882354,0.5555555555555556,0.3846153846153846,5.0,
full-dataset-ind_127,full-dataset-ind,127,regulatory,glcC,8.209063537997693e-16,1.970175249119446e-13,1.0,0.8333333333333334,0.9090909090909092,5.0,
full-dataset-ind_128,full-dataset-ind,128,regulatory,gatR,1.08359638701767e-13,2.6006313288424076e-11,0.4166666666666667,1.0,0.5882352941176471,5.0,
full-dataset-ind_130,full-dataset-ind,130,regulatory,evgA,7.243375234745621e-25,1.7384100563389491e-22,0.6875,0.6470588235294118,0.6666666666666667,11.0,
full-dataset-ind_131,full-dataset-ind,131,regulatory,nac,2.80470461746717e-27,6.731291081921206e-25,0.4666666666666667,0.7,0.56,14.0,
full-dataset-ind_132,full-dataset-ind,132,regulatory,narP,5.987695201729084e-10,1.43704684841498e-07,0.6,0.12244897959183673,0.20338983050847456,6.0,
full-dataset-ind_133,full-dataset-ind,133,regulatory,phoP,8.539813578972922e-11,2.0495552589535014e-08,0.28125,0.1836734693877551,0.22222222222222224,9.0,
full-dataset-ind_134,full-dataset-ind,134,regulatory,prpR,2.6509802518758067e-12,6.362352604501937e-10,0.8,0.8,0.8000000000000002,4.0,
full-dataset-ind_136,full-dataset-ind,136,genomic,b0002|b4252,9.272119330883122e-06,0.0008391267994449224,,,,,-12.00366778514494
full-dataset-ind_137,full-dataset-ind,137,biological,enterobactin biosynthetic process,1.2968360594641962e-10,4.317167241956309e-07,0.5714285714285714,0.5714285714285714,0.5714285714285714,4.0,
full-dataset-ind_138,full-dataset-ind,138,genomic,b3515,8.521208272127545e-05,0.007711693486275428,,,,,6.7037894488658045
full-dataset-ind_140,full-dataset-ind,140,regulatory,TPP,0.0,0.0,1.0,1.0,1.0,10.0,
full-dataset-ind_142,full-dataset-ind,142,regulatory,allR,4.976023646095831e-16,1.1942456750629997e-13,0.6666666666666666,0.75,0.7058823529411765,6.0,
full-dataset-ind_143,full-dataset-ind,143,regulatory,spermidine,0.0,0.0,1.0,1.0,1.0,5.0,
full-dataset-ind_144,full-dataset-ind,144,regulatory,oxyR,8.008933073565139e-15,1.9221439376556327e-12,0.875,0.2258064516129032,0.35897435897435903,7.0,
full-dataset-ind_145,full-dataset-ind,145,regulatory,phoB,3.815246488386567e-12,9.156591572127764e-10,1.0,0.1176470588235294,0.21052631578947367,6.0,
full-dataset-ind_146,full-dataset-ind,146,regulatory,atoC,7.424277063715705e-12,1.7818264952917696e-09,0.5,1.0,0.6666666666666666,4.0,
full-dataset-ind_148,full-dataset-ind,148,regulatory,cpxR,3.0287158766302583e-20,7.268918103912617e-18,0.4324324324324325,0.25396825396825395,0.32,16.0,
full-dataset-ind_149,full-dataset-ind,149,regulatory,fhlA,9.509725464382612e-23,2.2823341114518264e-20,1.0,0.3448275862068966,0.5128205128205129,10.0,
full-dataset-ind_150,full-dataset-ind,150,regulatory,narL,2.306445832407633e-11,5.535469997778318e-09,0.8,0.06837606837606837,0.12598425196850396,8.0,
full-dataset-ind_151,full-dataset-ind,151,regulatory,lsrR,2.134037523066641e-20,5.1216900553599385e-18,0.5714285714285714,0.8888888888888888,0.6956521739130435,8.0,
full-dataset-ind_152,full-dataset-ind,152,regulatory,metJ,2.502243587642766e-24,6.005384610342638e-22,0.625,0.8333333333333334,0.7142857142857143,10.0,
full-dataset-ind_153,full-dataset-ind,153,regulatory,yieP,4.0184056405206804e-10,9.644173537249633e-08,0.625,0.2,0.30303030303030304,5.0,
full-dataset-ind_154,full-dataset-ind,154,regulatory,lldR,0.0,0.0,1.0,1.0,1.0,3.0,
full-dataset-ind_155,full-dataset-ind,155,regulatory,ntrC,9.489166147766324e-42,2.2773998754639174e-39,0.71875,0.5476190476190477,0.6216216216216217,23.0,
full-dataset-ind_156,full-dataset-ind,156,regulatory,cra,8.22200172668386e-15,1.9732804144041262e-12,0.6666666666666666,0.136986301369863,0.2272727272727273,10.0,
full-dataset-ind_158,full-dataset-ind,158,regulatory,soxS,8.697837257341496e-40,2.0874809417619594e-37,0.44642857142857145,0.6578947368421053,0.5319148936170213,25.0,
full-dataset-ind_159,full-dataset-ind,159,biological,amyloid fibril formation,3.986573221372047e-07,0.0013271302253947544,0.6666666666666666,1.0,0.8,2.0,
full-dataset-ind_160,full-dataset-ind,160,biological,glucose import across plasma membrane,3.712138531857845e-12,1.2357709172554765e-08,0.5714285714285714,1.0,0.7272727272727273,4.0,
full-dataset-ind_161,full-dataset-ind,161,genomic,b1530|b3480|b3481|b3482|b3483|b3485|b3486|b3487|b3488|b3491|b3492|b3493|b3494|b3495|b3496|b3497|b3498|b3499|b3500|b3501|b3502|b3506|b3507|b3508|b3509|b3510|b3511|b3512|b3513|b3514|b3515|b3516|b3517|b3518|b3519|b3520|b3521|b3522|b3523|b3524|b3525|b3526|b3527|b3528|b3529|b3530|b3531|b3532|b3533|b3535|b3536|b3537|b3538|b3539|b3540|b3541|b3542|b3543|b3544|b3546|b3547|b3548|b3549|b3550|b3551|b3552|b3553|b3554|b3555|b3556|b3557|b3558|b3559|b3560|b3561|b3563|b3564|b3565|b3566|b3567|b3568|b3569|b3570|b3571|b3572|b3573|b3574|b3575|b3576|b3577|b3578|b3579|b3580|b3581|b3582|b3583|b3584|b3585|b3586|b3587|b3588|b3589|b3590|b3591|b4660_1,0.00014445903925841552,0.005636941145193819,,,,,-10.126699755242788
full-dataset-ind_162,full-dataset-ind,162,regulatory,cytR,9.147977598923299e-21,2.1955146237415916e-18,0.8888888888888888,0.6153846153846154,0.7272727272727274,8.0,
full-dataset-ind_163,full-dataset-ind,163,biological,detoxification of copper ion,1.9932866106914397e-06,0.006635651126991801,1.0,0.3333333333333333,0.5,2.0,
full-dataset-ind_164,full-dataset-ind,164,biological,enterobacterial common antigen biosynthetic process,2.669114381824246e-07,0.0008885481777092914,0.14285714285714285,0.4444444444444444,0.21621621621621626,4.0,
full-dataset-ind_167,full-dataset-ind,167,regulatory,iclR,4.111988882298097e-10,9.868773317515432e-08,1.0,0.75,0.8571428571428571,3.0,
full-dataset-ind_168,full-dataset-ind,168,regulatory,nsrR,2.703219311786541e-09,6.487726348287697e-07,1.0,0.06493506493506493,0.12195121951219512,5.0,
full-dataset-ind_171,full-dataset-ind,171,biological,nitrate reductase complex,4.110397965776133e-09,1.3683514828068746e-05,0.6,0.75,0.6666666666666665,3.0,
full-dataset-ind_172,full-dataset-ind,172,regulatory,treR,0.0,0.0,1.0,1.0,1.0,2.0,
full-dataset-ind_173,full-dataset-ind,173,biological,L-arginine import across plasma membrane,7.758369531582924e-10,2.582761217063955e-06,0.18181818181818185,1.0,0.3076923076923077,4.0,
full-dataset-ind_174,full-dataset-ind,174,biological,cytosolic large ribosomal subunit,6.054185442217403e-07,0.002015438333714173,0.15,0.1875,0.16666666666666666,6.0,
full-dataset-ind_175,full-dataset-ind,175,genomic,b1658,4.104881890842904e-06,0.0007429836222425656,,,,,13.325573290799944
full-dataset-ind_179,full-dataset-ind,179,biological,acetate biosynthetic process,2.790601254960438e-06,0.0092899115777633,0.2857142857142857,1.0,0.4444444444444445,2.0,
