,dataset,curated,component,type,description,pvalue,qvalue,precision,recall,f1score,TP,LFC
MA-1_0,MA-1,1,0,functional,tricarboxylic acid cycle,1.02428752724675E-10,3.40985317820443E-07,0.5,0.333333333333333,0.4,5,
MA-1_1,MA-1,,1,regulatory,fnr,2.36838716994301E-19,5.70781307956266E-17,0.538461538461538,0.100358422939068,0.169184290030211,28,
MA-1_2,MA-1,,2,uncharacterized,,,,,,,,
MA-1_3,MA-1,,3,regulatory,L-tryptophan,2.05599444115583E-09,4.95494660318556E-07,0.5,1,0.666666666666667,3,
MA-1_4,MA-1,,4,genomic,b1609,0.000125132947206,0.002148115593696,,,,,-4.49099460698363
MA-1_5,MA-1,,5,regulatory,rpoS,1.56586688272912E-24,3.77373918737718E-22,0.493827160493827,0.136054421768707,0.213333333333333,40,
MA-1_6,MA-1,,6,regulatory,dksA,2.13429348719007E-30,5.14364730412808E-28,0.785714285714286,0.203703703703704,0.323529411764706,22,
MA-1_7,MA-1,,7,genomic,b4373,0.016930949107722,0.072661989920638,,,,,-3.14339431710549
MA-1_8,MA-1,,8,genomic,b2261,2.66025122064306E-06,0.000137002937863,,,,,-5.14325601177762
MA-1_9,MA-1,,9,uncharacterized,,,,,,,,
MA-1_10,MA-1,1,10,functional,NADH dehydrogenase complex,9.19879418696409E-21,3.06227858484035E-17,0.416666666666667,0.714285714285714,0.526315789473684,10,
MA-1_11,MA-1,,11,regulatory,araC,1.42047616125525E-23,3.42334754862515E-21,0.666666666666667,0.714285714285714,0.689655172413793,10,
MA-1_12,MA-1,,12,regulatory,cysB,1.19126849242064E-28,2.87095706673373E-26,0.777777777777778,0.482758620689655,0.595744680851064,14,
MA-1_13,MA-1,1,13,functional,cytochrome bo3 ubiquinol oxidase activity,7.58336871508108E-11,8.4150114841683E-08,0.307692307692308,1,0.470588235294118,4,
MA-1_14,MA-1,,14,functional,hyperosmotic response,5.75678443522022E-09,1.91643353848481E-05,1,0.375,0.545454545454545,3,
MA-1_15,MA-1,,15,regulatory,glpR,1.04932552300636E-17,2.52887451044534E-15,0.5,0.875,0.636363636363636,7,
MA-1_16,MA-1,,16,functional,lipopolysaccharide core region biosynthetic process,4.22076125162484E-14,1.40509142066591E-10,0.421052631578947,0.333333333333333,0.372093023255814,8,
MA-1_17,MA-1,1,17,genomic,b3387,0.000128027727509,0.002197809322235,,,,,-5.38174664475396
MA-1_18,MA-1,,18,functional,organic phosphonate catabolic process,9.69876225749145E-10,3.2287179555189E-06,0.065934065934066,0.857142857142857,0.122448979591837,6,
MA-1_19,MA-1,1,19,genomic,b2231,4.79303239492301E-05,0.001155763579872,,,,,-5.43735835191806
MA-1_20,MA-1,1,20,genomic,b1174,0.000180230975658,0.003093965082127,,,,,-3.38974831795715
MA-1_21,MA-1,,21,regulatory,cpxR,9.57673880670938E-12,2.30799405241696E-09,0.344827586206897,0.158730158730159,0.217391304347826,10,
MA-1_22,MA-1,1,22,genomic,b2042,0.000488342131412,0.008383206589244,,,,,-4.3025273290921
MA-1_23,MA-1,,23,uncharacterized,,,,,,,,
MA-1_24,MA-1,,24,uncharacterized,,,,,,,,
MA-1_25,MA-1,,25,uncharacterized,,,,,,,,
MA-1_26,MA-1,,26,genomic,b1175,0.008001507426674,0.046683203397408,,,,,-2.28494327053732
MA-1_27,MA-1,,27,functional,transcriptional attenuation,1.82058307764348E-07,0.000606072106548,0.130434782608696,1,0.230769230769231,3,
MA-1_28,MA-1,,28,functional,DLP12 prophage,3.29299874000168E-09,1.09623928054656E-05,0.176470588235294,0.352941176470588,0.235294117647059,6,
MA-1_29,MA-1,1,29,genomic,b2618,0.000206788379027,0.003549867173295,,,,,-5.19894914040706
MA-1_30,MA-1,,30,uncharacterized,,,,,,,,
MA-1_31,MA-1,1,31,genomic,b2009,3.14984385899608E-05,0.000648867834953,,,,,-4.69900351421537
MA-1_32,MA-1,,32,regulatory,csiR,4.60377964984311E-12,1.10951089561219E-09,0.217391304347826,1,0.357142857142857,5,
MA-1_33,MA-1,,33,uncharacterized,,,,,,,,
MA-1_34,MA-1,,34,regulatory,fur,3.47174848322969E-53,8.36691384458355E-51,0.840909090909091,0.333333333333333,0.47741935483871,37,
MA-1_35,MA-1,,35,regulatory,cra,2.48697248822572E-10,5.99360369662397E-08,0.857142857142857,0.082191780821918,0.15,6,
MA-1_36,MA-1,,36,regulatory,tdcR,3.71213853186301E-12,4.47312693089493E-10,1,0.571428571428571,0.727272727272727,4,
MA-1_37,MA-1,1,37,uncharacterized,,,,,,,,
MA-1_38,MA-1,,38,regulatory,bluR,1.12700525827205E-09,2.71608267243564E-07,0.166666666666667,1,0.285714285714286,4,
MA-1_39,MA-1,,39,regulatory,rpoH,1.41027815266856E-49,3.39877034793122E-47,0.944444444444444,0.253731343283582,0.4,34,
MA-1_40,MA-1,,40,uncharacterized,,,,,,,,
MA-1_41,MA-1,1,41,genomic,b1183,2.05507116899373E-05,0.000705574434688,,,,,-7.81317505461877
MA-1_42,MA-1,1,42,genomic,b0624,0.0001282556148,0.002865487323589,,,,,-6.09144351807439
MA-1_43,MA-1,,43,uncharacterized,,,,,,,,
MA-1_44,MA-1,1,44,genomic,b1863,,,,,,,
MA-1_45,MA-1,1,45,genomic,b1563,5.68923169221858E-05,0.001171981728597,,,,,-11.7552585680104
MA-1_46,MA-1,,46,uncharacterized,,,,,,,,
MA-1_47,MA-1,,47,uncharacterized,,,,,,,,
MA-1_48,MA-1,1,48,genomic,b4362,9.12773103989295E-06,0.000294351467999,,,,,-4.27305359716308
MA-1_49,MA-1,,49,regulatory,fliA,7.22817215066856E-61,1.74198948831112E-58,0.703703703703704,0.584615384615385,0.638655462184874,38,
MA-1_50,MA-1,1,50,genomic,b2262,4.17240357819537E-08,4.29757568554123E-06,,,,,-5.05314967379052
MA-1_51,MA-1,,51,regulatory,bluR,1.12700525827205E-09,2.71608267243564E-07,0.166666666666667,1,0.285714285714286,4,
MA-1_52,MA-1,,52,regulatory,malT,1.17335674344597E-21,2.8277897517048E-19,0.727272727272727,0.888888888888889,0.8,8,
MA-1_53,MA-1,1,53,genomic,b1863,0.000217035214164,0.003725771176483,,,,,-4.07259222371052
MA-1_54,MA-1,1,54,genomic,b1861,0.001448560746127,0.014920175685106,,,,,-2.51453075114624
MA-1_55,MA-1,,55,functional,methylgalactoside transport,4.92770480938758E-08,0.000164043293105,0.3,0.75,0.428571428571429,3,
MA-1_56,MA-1,,56,uncharacterized,,,,,,,,
MA-1_57,MA-1,,57,functional,hydrogenase (acceptor) activity,4.67225134479243E-07,0.001555392472681,0.15,0.75,0.25,3,
MA-1_58,MA-1,,58,regulatory,purR,2.68416603848378E-18,6.4688401527459E-16,0.588235294117647,0.333333333333333,0.425531914893617,10,
MA-1_59,MA-1,1,59,uncharacterized,,,,,,,,
MA-1_60,MA-1,,60,functional,3-phenylpropionate catabolic process,7.0683630442796E-07,0.002353058057441,0.051948051948052,0.8,0.097560975609756,4,
MA-1_61,MA-1,1,61,genomic,b0048,4.53208321982146E-07,2.33402285820805E-05,,,,,-5.71989474873839
MA-1_62,MA-1,,62,uncharacterized,,,,,,,,
MA-1_63,MA-1,,63,uncharacterized,,,,,,,,
MA-1_64,MA-1,1,64,genomic,b4346,1.40085409093826E-05,0.00036328379591,,,,,-5.02778693218347
MA-1_65,MA-1,,65,functional,D-arabinose catabolic process,2.84960829544199E-06,0.009486346015526,0.053571428571429,1,0.101694915254237,3,
MA-1_66,MA-1,1,66,genomic,b1062,1.66364048151957E-05,0.000444466437906,,,,,-4.45364751726766
MA-1_67,MA-1,,67,regulatory,crp,1.27872537365156E-08,3.51649477754178E-06,0.571428571428571,0.034042553191489,0.06425702811245,16,
MA-1_68,MA-1,,68,regulatory,gadW,4.886576996542E-29,7.39967927696058E-27,0.40625,1,0.577777777777778,13,
MA-1_69,MA-1,,69,uncharacterized,,,,,,,,
MA-1_70,MA-1,,70,regulatory,ypdB,0,0,1,1,1,1,
MA-1_71,MA-1,,71,uncharacterized,,,,,,,,
MA-1_72,MA-1,,72,regulatory,narL,4.70127250176042E-24,1.13300667292426E-21,0.645161290322581,0.170940170940171,0.27027027027027,20,
MA-1_73,MA-1,,73,functional,[Ni-Fe] hydrogenase complex,1.52288609935004E-06,0.005069687824736,0.068965517241379,0.571428571428571,0.123076923076923,4,
MA-1_74,MA-1,,74,uncharacterized,,,,,,,,
MA-1_75,MA-1,,75,regulatory,ryhB,5.7188817322115E-10,1.57269247635816E-07,0.714285714285714,0.15625,0.256410256410256,5,
MA-1_76,MA-1,1,76,genomic,b4372,,,,,,,
MA-1_77,MA-1,,77,uncharacterized,,,,,,,,
MA-1_78,MA-1,,78,uncharacterized,,,,,,,,
MA-1_79,MA-1,1,79,uncharacterized,,,,,,,,
MA-1_80,MA-1,1,80,regulatory,gatR,1.1722542732282E-12,1.41256639923998E-10,0.277777777777778,1,0.434782608695652,5,
MA-1_81,MA-1,,81,functional,response to cold,7.84905000401775E-10,2.61294874633751E-06,0.666666666666667,0.333333333333333,0.444444444444444,4,
MA-1_82,MA-1,,82,uncharacterized,,,,,,,,
MA-1_83,MA-1,1,83,genomic,b4345,1.66918989644715E-05,0.000429816398335,,,,,-5.45049294751632
MA-1_84,MA-1,1,84,genomic,b0231,2.00226805997517E-05,0.000687445367258,,,,,-5.00500185141031
MA-1_85,MA-1,1,85,genomic,b2782,1.32830878896151E-06,6.97178805870724E-05,,,,,-8.64769150672924
MA-1_86,MA-1,,86,functional,e14 prophage,4.45107955926459E-17,1.48176438527918E-13,1,0.333333333333333,0.5,7,
MA-1_87,MA-1,,87,uncharacterized,,,,,,,,
MA-1_88,MA-1,,88,regulatory,lexA,8.7973684909302E-36,2.12016580631418E-33,0.777777777777778,0.375,0.506024096385542,21,
MA-1_89,MA-1,,89,regulatory,UTP,2.73438956707624E-15,6.58987885665374E-13,0.545454545454545,0.75,0.631578947368421,6,
MA-1_90,MA-1,1,90,genomic,b2479,0.007646149100986,0.046326668082444,,,,,-3.31329587347437
MA-1_91,MA-1,,91,functional,e14 prophage,4.75985468505141E-27,1.58455562465361E-23,1,0.523809523809524,0.6875,11,
MA-1_92,MA-1,,92,uncharacterized,,,,,,,,
MA-1_93,MA-1,1,93,genomic,b1558,1.02485137032371E-06,5.2779845571671E-05,,,,,-5.98374811656121
MA-1_94,MA-1,1,94,uncharacterized,,,,,,,,
MA-1_95,MA-1,1,95,genomic,b2042,0.006494824373731,0.038815319201972,,,,,-2.43085549054267
MA-1_96,MA-1,,96,uncharacterized,,,,,,,,
MA-1_97,MA-1,,97,uncharacterized,,,,,,,,
MA-1_98,MA-1,,98,uncharacterized,,,,,,,,
MA-1_99,MA-1,,99,uncharacterized,,,,,,,,
MA-1_100,MA-1,,100,uncharacterized,,,,,,,,
MA-1_101,MA-1,,101,uncharacterized,,,,,,,,
MA-1_102,MA-1,,102,regulatory,nrdR,8.63517665284306E-09,1.69619541394979E-06,1,0.333333333333333,0.5,3,
MA-2_0,MA-2,,0,regulatory,fliA,7.8982897018022E-48,1.90348781813433E-45,0.673913043478261,0.476923076923077,0.558558558558559,31,
MA-2_1,MA-2,,1,uncharacterized,,,,,,,,
MA-2_2,MA-2,,2,regulatory,narL,4.73127152386253E-12,1.14023643725087E-09,0.888888888888889,0.068376068376068,0.126984126984127,8,
MA-2_3,MA-2,,3,uncharacterized,,,,,,,,
MA-2_4,MA-2,,4,regulatory,malT,1.77951312823439E-17,4.28862663904488E-15,1,0.666666666666667,0.8,6,
MA-2_5,MA-2,,5,uncharacterized,,,,,,,,
MA-2_6,MA-2,,6,regulatory,cysB,1.10218814946677E-30,2.65627344021491E-28,0.64,0.551724137931034,0.592592592592593,16,
MA-2_7,MA-2,,7,regulatory,arcA,5.23684226916537E-33,1.26207898686885E-30,0.444444444444444,0.246913580246914,0.317460317460317,40,
MA-2_8,MA-2,,8,uncharacterized,,,,,,,,
MA-2_9,MA-2,,9,uncharacterized,,,,,,,,
MA-2_10,MA-2,,10,regulatory,gadX,2.82164296220267E-30,6.80015953890844E-28,1,0.481481481481482,0.65,13,
MA-2_11,MA-2,,11,uncharacterized,,,,,,,,
MA-2_12,MA-2,,12,regulatory,metJ,8.06642183694763E-22,1.94400766270438E-19,0.642857142857143,0.75,0.692307692307692,9,
MA-2_13,MA-2,,13,regulatory,UTP,3.91388465768761E-22,9.43246202502715E-20,0.666666666666667,1,0.8,8,
MA-2_14,MA-2,,14,regulatory,fhlA,2.17212288283736E-27,5.23481614763803E-25,1,0.413793103448276,0.585365853658537,12,
MA-2_15,MA-2,,15,regulatory,fur,9.40758265355767E-44,2.2672274195074E-41,0.780487804878049,0.288288288288288,0.421052631578947,32,
MA-2_16,MA-2,,16,regulatory,fur,6.93664935037904E-18,1.67173249344135E-15,0.6,0.135135135135135,0.220588235294118,15,
MA-2_17,MA-2,,17,regulatory,cusR,5.46635651786773E-15,6.58695960403061E-13,0.75,0.5,0.6,6,
MA-2_18,MA-2,,18,regulatory,argR,1.01130164186785E-33,2.43723695690152E-31,0.941176470588235,0.444444444444444,0.60377358490566,16,
MA-2_19,MA-2,,19,functional,extracellular polysaccharide biosynthetic process,2.43943072931276E-09,8.12086489788219E-06,0.142857142857143,0.625,0.232558139534884,5,
MA-2_20,MA-2,,20,regulatory,dksA,2.00589092654489E-34,4.83419713297318E-32,0.78125,0.231481481481481,0.357142857142857,25,
MA-2_21,MA-2,,21,uncharacterized,,,,,,,,
MA-2_22,MA-2,1,22,uncharacterized,,,,,,,,
MA-2_23,MA-2,,23,uncharacterized,,,,,,,,
MA-2_24,MA-2,,24,uncharacterized,,,,,,,,
MA-2_25,MA-2,,25,functional,transcriptional attenuation,5.09886621406647E-07,0.001697412562663,0.09375,1,0.171428571428571,3,
MA-2_26,MA-2,,26,uncharacterized,,,,,,,,
MA-2_27,MA-2,,27,uncharacterized,,,,,,,,
MA-2_28,MA-2,,28,regulatory,zur,1.02799722057919E-09,2.47747330159584E-07,1,0.6,0.75,3,
MA-2_29,MA-2,,29,regulatory,his-tRNA,7.11615392306831E-24,1.71499309545946E-21,0.888888888888889,1,0.941176470588235,8,
MA-2_30,MA-2,,30,regulatory,glpR,5.94214144398303E-17,1.43205608799991E-14,0.411764705882353,0.875,0.56,7,
MA-2_31,MA-2,,31,regulatory,fnr,1.58104229794536E-14,3.81031193804831E-12,0.5,0.078853046594982,0.136222910216718,22,
MA-2_32,MA-2,,32,regulatory,lsrR,7.11615392306588E-24,1.71499309545888E-21,1,0.888888888888889,0.941176470588235,8,
MA-2_33,MA-2,1,33,functional,NADH dehydrogenase complex,5.92197846075026E-36,1.97142662958376E-32,0.736842105263158,1,0.848484848484848,14,
MA-2_34,MA-2,,34,uncharacterized,,,,,,,,
MA-2_35,MA-2,,35,functional,lipopolysaccharide core region biosynthetic process,2.30868843009591E-07,0.000768562378379,0.4,0.166666666666667,0.235294117647059,4,
MA-2_36,MA-2,,36,uncharacterized,,,,,,,,
MA-2_37,MA-2,,37,regulatory,cpxR,2.16049171979887E-09,5.20678504471529E-07,0.4375,0.111111111111111,0.177215189873418,7,
MA-2_38,MA-2,,38,regulatory,arcA,7.78445222062945E-18,1.8760529851717E-15,0.695652173913043,0.098765432098766,0.172972972972973,16,
MA-2_39,MA-2,,39,regulatory,tdcA,1.43808246725359E-08,1.97736339247369E-06,0.75,0.428571428571429,0.545454545454545,3,
MA-2_40,MA-2,,40,uncharacterized,,,,,,,,
MA-2_41,MA-2,,41,regulatory,rpoS,1.28946624010464E-24,3.10761363865218E-22,0.457446808510638,0.146258503401361,0.221649484536082,43,
MA-2_42,MA-2,,42,uncharacterized,,,,,,,,
MA-2_43,MA-2,,43,uncharacterized,,,,,,,,
MA-2_44,MA-2,,44,uncharacterized,,,,,,,,
MA-2_45,MA-2,,45,regulatory,ile-tRNA,3.91388465768761E-22,9.43246202502715E-20,0.666666666666667,1,0.8,8,
MA-2_46,MA-2,,46,regulatory,rpoH,1.64752009283453E-12,3.97052342373122E-10,1,0.059701492537314,0.112676056338028,8,
MA-2_47,MA-2,,47,regulatory,rpoN,6.20591343044925E-12,1.49562513673827E-09,0.625,0.079365079365079,0.140845070422535,10,
MA-2_48,MA-2,,48,regulatory,spermidine,0,0,1,1,1,5,
MA-2_49,MA-2,,49,uncharacterized,,,,,,,,
MA-2_50,MA-2,,50,regulatory,mqsA,5.75678443522022E-09,7.4324199047618E-07,1,0.375,0.545454545454545,3,
MA-2_51,MA-2,,51,regulatory,ydeO,1.34114651593842E-24,3.23216310341159E-22,0.545454545454545,0.631578947368421,0.585365853658537,12,
MA-2_52,MA-2,,52,uncharacterized,,,,,,,,
MA-2_53,MA-2,,53,uncharacterized,,,,,,,,
MA-2_54,MA-2,,54,functional,response to cold,5.25002449505555E-11,1.74773315440399E-07,1,0.333333333333333,0.5,4,
MA-2_55,MA-2,,55,uncharacterized,,,,,,,,
MA-2_56,MA-2,,56,uncharacterized,,,,,,,,
MA-2_57,MA-2,,57,uncharacterized,,,,,,,,
MA-3_0,MA-3,,0,uncharacterized,,,,,,,,
MA-3_1,MA-3,,1,regulatory,fur,3.49717700321061E-27,8.42819657773758E-25,0.558139534883721,0.216216216216216,0.311688311688312,24,
MA-3_2,MA-3,,2,regulatory,metJ,7.84905000401775E-10,1.89162105096828E-07,0.666666666666667,0.333333333333333,0.444444444444444,4,
MA-3_3,MA-3,,3,uncharacterized,,,,,,,,
MA-3_4,MA-3,,4,functional,cytochrome complex,7.42427706371571E-12,2.47154183451096E-08,0.5,1,0.666666666666667,4,
MA-3_5,MA-3,,5,uncharacterized,,,,,,,,
MA-3_6,MA-3,,6,regulatory,cysB,1.5151605197641E-20,3.65153685263147E-18,0.197530864197531,0.551724137931034,0.290909090909091,16,
MA-3_7,MA-3,,7,uncharacterized,,,,,,,,
MA-3_8,MA-3,,8,uncharacterized,,,,,,,,
MA-3_9,MA-3,,9,regulatory,fliA,7.40344505746569E-62,1.78423025884923E-59,0.68421052631579,0.6,0.639344262295082,39,
MA-3_10,MA-3,,10,regulatory,arcA,2.6763949936196E-50,6.45011193462324E-48,0.429577464788732,0.376543209876543,0.401315789473684,61,
MA-3_11,MA-3,,11,regulatory,rpoS,3.57143222818263E-23,8.60715166992013E-21,0.450549450549451,0.139455782312925,0.212987012987013,41,
MA-3_12,MA-3,1,12,functional,anaerobic respiration,5.55132569149347E-08,6.16012107566058E-05,0.241379310344828,0.137254901960784,0.175,7,
MA-3_13,MA-3,,13,uncharacterized,,,,,,,,
MA-3_14,MA-3,,14,uncharacterized,,,,,,,,
MA-3_15,MA-3,,15,regulatory,glpR,1.04932552300636E-17,2.52887451044534E-15,0.5,0.875,0.636363636363636,7,
MA-3_16,MA-3,,16,uncharacterized,,,,,,,,
MA-3_17,MA-3,,17,uncharacterized,,,,,,,,
MA-3_18,MA-3,,18,uncharacterized,,,,,,,,
MA-3_19,MA-3,,19,regulatory,fhlA,7.22180207248325E-20,1.74045429946846E-17,0.217391304347826,0.517241379310345,0.306122448979592,15,
MA-3_20,MA-3,,20,uncharacterized,,,,,,,,
MA-3_21,MA-3,,21,regulatory,crp,1.07816444657139E-22,2.96495222807133E-20,0.471544715447154,0.123404255319149,0.195615514333895,58,
MA-3_22,MA-3,,22,uncharacterized,,,,,,,,
MA-3_23,MA-3,,23,uncharacterized,,,,,,,,
MA-3_24,MA-3,1,24,uncharacterized,,,,,,,,
MA-3_25,MA-3,,25,uncharacterized,,,,,,,,
MA-3_26,MA-3,,26,uncharacterized,,,,,,,,
MA-3_27,MA-3,1,27,regulatory,gadW,4.66077960347293E-24,5.61623942218488E-22,0.44,0.846153846153846,0.578947368421052,11,
MA-3_28,MA-3,,28,regulatory,zur,2.87317223830442E-15,6.92434509431365E-13,0.714285714285714,1,0.833333333333333,5,
MA-3_29,MA-3,,29,regulatory,ydeO,2.43214381866653E-13,5.86146660298633E-11,0.275862068965517,0.421052631578947,0.333333333333333,8,
MA-3_30,MA-3,,30,regulatory,narL,5.49152390872322E-24,1.3234572620023E-21,0.333333333333333,0.247863247863248,0.284313725490196,29,
MA-3_31,MA-3,,31,regulatory,purR,1.41256312100762E-24,3.40427712162836E-22,0.518518518518518,0.466666666666667,0.491228070175439,14,
RNAseq-1_0,RNAseq-1,,0,regulatory,zur,6.3209789242697E-14,1.523355920749E-11,0.454545454545454,1,0.625,5,
RNAseq-1_1,RNAseq-1,,1,functional,CP4-44 prophage,8.63517665284306E-09,2.87465030773145E-05,1,0.333333333333333,0.5,3,
RNAseq-1_2,RNAseq-1,,2,uncharacterized,,,,,,,,
RNAseq-1_3,RNAseq-1,,3,functional,cellular response to nutrient levels,2.39112153505088E-06,0.007960043590184,0.5,0.666666666666667,0.571428571428571,2,
RNAseq-1_4,RNAseq-1,,4,regulatory,UTP,7.11615392306831E-24,1.71499309545946E-21,0.888888888888889,1,0.941176470588235,8,
RNAseq-1_5,RNAseq-1,,5,regulatory,ygbI,8.20906353801262E-16,1.97838431266104E-13,0.833333333333333,1,0.909090909090909,5,
RNAseq-1_6,RNAseq-1,,6,regulatory,glcC,8.20906353799769E-16,1.97838431265744E-13,1,0.833333333333333,0.909090909090909,5,
RNAseq-1_7,RNAseq-1,,7,uncharacterized,,,,,,,,
RNAseq-1_8,RNAseq-1,,8,regulatory,dksA,1.93617982803724E-16,4.41189426332749E-14,0.75,0.111111111111111,0.193548387096774,12,
RNAseq-1_9,RNAseq-1,,9,regulatory,mqsA,7.42427706374082E-12,1.34193807927092E-09,1,0.5,0.666666666666667,4,
RNAseq-1_10,RNAseq-1,,10,regulatory,malT,1.10193643499693E-19,2.65566680834261E-17,0.875,0.777777777777778,0.823529411764706,7,
RNAseq-1_11,RNAseq-1,,11,regulatory,cra,1.67635433935872E-12,4.04001395785452E-10,0.727272727272727,0.10958904109589,0.190476190476191,8,
RNAseq-1_12,RNAseq-1,1,12,genomic,b3751|b1337|b1338|b1339|b1340|b1341|b1342|b1343|b1344|b1345|b1346|b1347|b1348|b1349|b1350|b1351|b1352|b1355|b1356|b1357|b1358|b1359|b1360|b1361|b1362|b1363|b1365|b1366|b1368|b1370|b1372|b1374|b1375|b1377|b1378|b1379|b1380|b1381|b1382|b1383|b1384|b1385|b1386|b1387|b1388|b1389|b1390|b1391|b1392|b1393|b1394|b1395|b1396|b1397|b1398|b1399|b1400|b1406|b1407|b1408|b1409|b1410|b1411|b1412|b1413|b1414|b1415|b1418|b1419|b1420|b1424|b1426|b1427|b1428|b1429|b1430|b1431|b1432|b1434|b1435|b1436|b1438|b1439|b1440|b1441|b1442|b1444|b1445|b1446|b1447|b1448|b1449|b1451|b1452|b1454|b1455|b1456|b1459_1|b1461|b1463|b1464|b1465|b1466|b1467|b1468|b1469|b1471_1|b1472|b1473|b1475|b1476|b1477|b1479|b1480|b1482|b1483|b1484|b1485|b1487|b1488|b1490|b1491|b1492|b1493|b1494|b1495|b1496|b1497|b1498|b1499|b1500|b1501|b4493_1,1.5028909114978E-06,5.27790904141512E-05,,,,,10.7641119395757
RNAseq-1_13,RNAseq-1,,13,regulatory,gcvA,4.1119888822981E-10,9.90989320633841E-08,1,0.75,0.857142857142857,3,
RNAseq-1_14,RNAseq-1,,14,regulatory,soxS,5.10072285732565E-23,1.22927420861548E-20,0.441176470588235,0.394736842105263,0.416666666666667,15,
RNAseq-1_15,RNAseq-1,1,15,genomic,b3346,1.74903016558758E-06,0.000159161745068,,,,,13.899954195687
RNAseq-1_16,RNAseq-1,,16,regulatory,fur,1.35119898684692E-47,3.25638955830107E-45,0.80952380952381,0.306306306306306,0.444444444444444,34,
RNAseq-1_17,RNAseq-1,,17,regulatory,argR,1.31938627846659E-20,3.17972093110449E-18,0.909090909090909,0.277777777777778,0.425531914893617,10,
RNAseq-1_18,RNAseq-1,,18,regulatory,prpR,2.65098025187581E-12,6.3888624070207E-10,0.8,0.8,0.8,4,
RNAseq-1_19,RNAseq-1,,19,regulatory,gadX,1.75537726897102E-18,4.23045921822017E-16,1,0.296296296296296,0.457142857142857,8,
RNAseq-1_20,RNAseq-1,,20,regulatory,puuR,0,0,1,1,1,6,
RNAseq-1_21,RNAseq-1,,21,uncharacterized,,,,,,,,
RNAseq-1_22,RNAseq-1,,22,regulatory,narL,1.66635384391938E-38,4.0159127638457E-36,0.961538461538462,0.213675213675214,0.34965034965035,25,
RNAseq-1_23,RNAseq-1,,23,regulatory,fadR,9.14183182960441E-22,2.20318147093466E-19,1,0.409090909090909,0.580645161290323,9,
RNAseq-1_24,RNAseq-1,,24,regulatory,lrp,4.26200955123681E-27,1.02714430184807E-24,0.59375,0.287878787878788,0.387755102040816,19,
RNAseq-1_25,RNAseq-1,,25,regulatory,ryhB,2.22970239118874E-09,6.13168157576903E-07,0.352941176470588,0.1875,0.244897959183673,6,
RNAseq-1_26,RNAseq-1,,26,regulatory,fliA,4.83481396747736E-44,1.16519016616204E-41,0.96,0.369230769230769,0.533333333333333,24,
RNAseq-1_27,RNAseq-1,,27,regulatory,crp,3.07344491947042E-08,8.45197352854365E-06,0.475,0.040425531914894,0.074509803921569,19,
RNAseq-1_28,RNAseq-1,1,28,genomic,b2265|b0593,3.5679487007112E-06,0.000324683331765,,,,,11.6556576394276
RNAseq-1_29,RNAseq-1,,29,regulatory,csqR,1.83784967022038E-26,4.42921770523112E-24,1,0.9,0.947368421052632,9,
RNAseq-1_30,RNAseq-1,,30,regulatory,dhaR,1.43808246724685E-08,3.95472678492884E-06,0.428571428571429,0.75,0.545454545454545,3,3
RNAseq-1_31,RNAseq-1,,31,uncharacterized,,,,,,,,
RNAseq-1_32,RNAseq-1,,32,regulatory,yieP,4.01840564052068E-10,9.68435759365484E-08,0.625,0.2,0.303030303030303,5,
RNAseq-1_33,RNAseq-1,,33,regulatory,gadW,1.43407589691878E-27,3.45612291157426E-25,0.733333333333333,0.846153846153846,0.785714285714286,11,
RNAseq-1_34,RNAseq-1,,34,regulatory,yiaJ,5.22251262521757E-29,1.25862554267744E-26,1,0.909090909090909,0.952380952380952,10,
RNAseq-1_35,RNAseq-1,,35,functional,hyperosmotic response,5.75678443522022E-09,1.91643353848481E-05,1,0.375,0.545454545454545,3,
RNAseq-1_36,RNAseq-1,1,36,genomic,b0759|b3548|b3549|b3550|b3551|b3552|b3553|b3554|b3555|b3556|b4647|b4455|b3557|b3558|b3559|b3560|b4553|b3561|b3562|b3563|b3564|b3565|b3566|b3567|b3568|b3569|b3570|b3571|b3572|b3573|b3574|b3575|b3576|b3577|b3578|b3579|b3580|b3581|b3582|b3583|b4648|b4649|b3584|b3585|b3586|b3587|b3588|b3589|b3590|b3591|b3592|b3593|b3594|b3595|b3596|b4650|b4651|b4615|b4652|b3597|b3598|b3599|b3600|b3601|b4554|b3602|b3603|b3604|b3605|b3606|b3607|b3608|b3609|b3610|b3611|b3612|b3613|b3614|b3615|b3616|b3617|b3618|b3619|b3620|b3621|b3625|b3627|b3628|b3630|b3631|b3632|b3633|b3634|b3635|b3636|b3637|b3638|b3639|b3640|b3641|b3642|b3643|b3644|b3645|b3646|b3647|b3648|b3649|b3650|b3651|b3652|b3653|b3654|b3655|b3656|b3657|b4653|b3659|b3660|b3661|b4555|b3662|b3663|b3664,3.61970839968251E-08,3.29393464371108E-06,,,,,-23.41193974035
RNAseq-1_37,RNAseq-1,,37,regulatory,arcA,2.46069470620739E-13,5.93027424195981E-11,0.432432432432432,0.098765432098766,0.160804020100503,16,
RNAseq-1_38,RNAseq-1,,38,functional,e14 prophage,7.19717516240811E-18,2.39593961156566E-14,0.8,0.380952380952381,0.516129032258065,8,
RNAseq-1_39,RNAseq-1,,39,functional,cytosolic large ribosomal subunit,7.05110601244882E-07,0.002347313191544,0.146341463414634,0.1875,0.164383561643836,6,
RNAseq-1_40,RNAseq-1,,40,regulatory,cdaR,0,0,1,1,1,7,
RNAseq-1_41,RNAseq-1,,41,regulatory,rpoH,5.54706785147675E-17,1.3368433522059E-14,1,0.082089552238806,0.151724137931035,11,
RNAseq-1_42,RNAseq-1,1,42,genomic,b3515,1.50757556248715E-05,0.000685946880932,,,,,6.76437627396027
RNAseq-1_43,RNAseq-1,,43,regulatory,lrp,1.3294829956285E-10,3.20405401946468E-08,0.857142857142857,0.090909090909091,0.164383561643836,6,
RNAseq-1_44,RNAseq-1,,44,regulatory,ntrC,2.13826503182342E-45,5.15321872669443E-43,0.634146341463415,0.619047619047619,0.626506024096385,26,
RNAseq-1_45,RNAseq-1,,45,regulatory,nac,8.90626233337948E-23,2.14640922234445E-20,0.444444444444444,0.6,0.51063829787234,12,
RNAseq-1_46,RNAseq-1,,46,regulatory,cysB,4.51041238745315E-28,1.08700938537621E-25,0.736842105263158,0.482758620689655,0.583333333333333,14,
RNAseq-1_47,RNAseq-1,,47,regulatory,nagC,3.01379697154228E-15,7.26325070141691E-13,0.727272727272727,0.228571428571429,0.347826086956522,8,
RNAseq-1_48,RNAseq-1,,48,regulatory,fecI,8.20906353801262E-16,1.97838431266104E-13,0.833333333333333,1,0.909090909090909,5,
RNAseq-1_49,RNAseq-1,,49,uncharacterized,,,,,,,,
RNAseq-1_50,RNAseq-1,1,50,genomic,b1820|b1821|b1822|b1823|b1824|b1825|b1826|b1827|b1829|b1830|b1834|b1835|b1836|b1837|b1838|b1839|b1840|b1841|b1842|b1843|b1844|b1846|b1847|b1848|b1849|b1850|b1851|b1852|b1853|b1854|b1855|b1856|b1857,0,0,,,,,39.0280514337292
RNAseq-1_51,RNAseq-1,,51,functional,enterobactin biosynthetic process,1.2968360594642E-10,4.31716724195631E-07,0.571428571428571,0.571428571428571,0.571428571428571,4,
RNAseq-1_52,RNAseq-1,1,52,genomic,b0683,4.60972637117418E-06,0.000209742549888,,,,,14.4415992520374
RNAseq-1_53,RNAseq-1,,53,regulatory,cbl,1.03781965094389E-17,2.50114535877479E-15,0.857142857142857,0.857142857142857,0.857142857142857,6,
RNAseq-1_54,RNAseq-1,,54,regulatory,TPP,1.83784967022038E-26,4.42921770523112E-24,1,0.9,0.947368421052632,9,
RNAseq-1_55,RNAseq-1,,55,regulatory,cpxR,1.80280899572493E-11,4.34476967969708E-09,0.533333333333333,0.126984126984127,0.205128205128205,8,
RNAseq-1_56,RNAseq-1,,56,regulatory,xylR,1.36840609171464E-15,3.29785868103227E-13,0.5,0.857142857142857,0.631578947368421,6,
RNAseq-1_57,RNAseq-1,,57,regulatory,his-tRNA,7.11615392306831E-24,1.71499309545946E-21,0.888888888888889,1,0.941176470588235,8,
RNAseq-1_58,RNAseq-1,,58,regulatory,glpR,0,0,1,1,1,8,
RNAseq-1_59,RNAseq-1,,59,regulatory,purR,1.40123230743855E-19,3.37696986092689E-17,0.714285714285714,0.333333333333333,0.454545454545454,10,
RNAseq-1_60,RNAseq-1,,60,regulatory,araC,4.10859788949484E-14,9.90172091368256E-12,0.388888888888889,0.5,0.4375,7,
RNAseq-1_61,RNAseq-1,,61,regulatory,oxyR,1.55978774472665E-13,3.75908846479123E-11,1,0.193548387096774,0.324324324324324,6,
RNAseq-1_62,RNAseq-1,,62,functional,lipopolysaccharide core region biosynthetic process,8.09952993785382E-11,2.69633351631154E-07,0.269230769230769,0.291666666666667,0.28,7,
RNAseq-1_63,RNAseq-1,,63,regulatory,cusR,5.46635651786773E-15,6.58695960403061E-13,0.75,0.5,0.6,6,
RNAseq-1_64,RNAseq-1,,64,regulatory,rpoS,2.71401381616369E-19,6.5407732969545E-17,0.411111111111111,0.125850340136054,0.192708333333333,37,
RNAseq-1_65,RNAseq-1,,65,regulatory,flhD;flhC,2.47080068497514E-66,5.9546296507901E-64,0.973684210526316,0.474358974358974,0.637931034482759,37,
RNAseq-1_66,RNAseq-1,,66,regulatory,rcsA;rcsB,3.14005457271849E-13,7.56753152025157E-11,0.304347826086956,0.5,0.378378378378378,7,
RNAseq-1_67,RNAseq-1,,67,regulatory,fucR,4.44534919627349E-15,1.07132915630191E-12,0.428571428571429,0.857142857142857,0.571428571428571,6,
RNAseq-1_68,RNAseq-1,1,68,genomic,b3357,1.51489220471257E-05,0.000416532191985,,,,,10.5917198882469
RNAseq-1_69,RNAseq-1,1,69,genomic,b0002|b4252,1.15590422011813E-07,6.36691431421532E-06,,,,,-12.9786947850509
RNAseq-1_70,RNAseq-1,,70,regulatory,evgA,1.24801770659306E-23,3.00772267288927E-21,0.578947368421053,0.647058823529412,0.611111111111111,11,
RNAseq-1_71,RNAseq-1,,71,regulatory,gntR,8.06642183694763E-22,1.94400766270438E-19,0.642857142857143,0.75,0.692307692307692,9,
RNAseq-1_72,RNAseq-1,,72,regulatory,nikR,8.20906353799769E-16,1.97838431265744E-13,1,0.833333333333333,0.909090909090909,5,
RNAseq-1_73,RNAseq-1,,73,regulatory,metJ,3.13074862069874E-25,7.54510417588397E-23,0.714285714285714,0.833333333333333,0.769230769230769,10,
RNAseq-1_74,RNAseq-1,,74,regulatory,fur,3.70192099636363E-20,8.92162960123636E-18,0.75,0.135135135135135,0.229007633587786,15,
RNAseq-1_75,RNAseq-1,,75,regulatory,fnr,7.08542725168445E-11,1.70758796765595E-08,0.5,0.057347670250896,0.102893890675241,16,
RNAseq-1_76,RNAseq-1,,76,regulatory,gatR,1.1722542732282E-12,2.82513279847997E-10,0.277777777777778,1,0.434782608695652,5,
RNAseq-1_77,RNAseq-1,,77,regulatory,trpR,1.82842005982314E-09,4.40649234417377E-07,0.571428571428571,0.333333333333333,0.421052631578947,4,
RNAseq-1_78,RNAseq-1,,78,uncharacterized,,,,,,,,
RNAseq-1_79,RNAseq-1,,79,uncharacterized,,,,,,,,
RNAseq-1_80,RNAseq-1,,80,functional,transcriptional attenuation,2.26159388527142E-08,7.52884604406856E-05,0.25,1,0.4,3,
RNAseq-1_81,RNAseq-1,,81,regulatory,narP,3.83455479041948E-12,9.24127704491095E-10,0.7,0.142857142857143,0.23728813559322,7,
RNAseq-1_82,RNAseq-1,,82,regulatory,narL,2.11249220244911E-09,5.09110620790235E-07,0.7,0.05982905982906,0.110236220472441,7,
RNAseq-1_83,RNAseq-1,,83,regulatory,trpR,1.63772906415191E-14,2.07730352829411E-12,0.666666666666667,0.5,0.571428571428571,6,
RNAseq-1_84,RNAseq-1,,84,uncharacterized,,,,,,,,
RNAseq-1_85,RNAseq-1,,85,regulatory,atoC,5.30305504551123E-13,1.27803626596821E-10,0.8,1,0.888888888888889,4,
RNAseq-1_86,RNAseq-1,1,86,genomic,b1658|b4252,9.75715018780576E-08,8.87900667090324E-06,,,,,11.7977618954859
RNAseq-1_87,RNAseq-1,,87,regulatory,leu-tRNA,5.86274232803878E-21,1.41292090105735E-18,0.727272727272727,0.8,0.761904761904762,8,
RNAseq-1_88,RNAseq-1,,88,regulatory,cecR,0,0,1,1,1,4,
RNAseq-1_89,RNAseq-1,,89,regulatory,gutM,1.59091651365769E-12,1.91705439895751E-10,1,0.666666666666667,0.8,4,
RNAseq-1_90,RNAseq-1,1,90,genomic,b0002|b4252,1.13791154512377E-05,0.000345166502021,,,,,11.5340358279946
RNAseq-2_0,RNAseq-2,,0,regulatory,crp,4.07201306491183E-15,1.11980359285075E-12,0.480519480519481,0.078723404255319,0.135283363802559,37,
RNAseq-2_1,RNAseq-2,,1,regulatory,arcA,7.10121320551569E-09,1.95283363151681E-06,0.28,0.08641975308642,0.132075471698113,14,
RNAseq-2_2,RNAseq-2,,2,regulatory,rob,5.91955297492043E-19,1.62787706810312E-16,0.232142857142857,0.541666666666667,0.325,13,
RNAseq-2_3,RNAseq-2,,3,regulatory,nikR,4.92437888878811E-15,1.18677531219794E-12,0.833333333333333,0.833333333333333,0.833333333333333,5,
RNAseq-2_4,RNAseq-2,,4,uncharacterized,,,,,,,,
RNAseq-2_5,RNAseq-2,,5,regulatory,argR,3.15003899686563E-22,7.59159398244618E-20,0.705882352941176,0.333333333333333,0.452830188679245,12,
RNAseq-2_6,RNAseq-2,,6,regulatory,cusR,8.98359364716912E-14,1.08252303448388E-11,0.545454545454545,0.5,0.521739130434783,6,
RNAseq-2_7,RNAseq-2,,7,regulatory,narL,4.9572537131201E-38,1.19469814486194E-35,0.8,0.239316239316239,0.368421052631579,28,
RNAseq-2_8,RNAseq-2,,8,uncharacterized,,,,,,,,
RNAseq-2_9,RNAseq-2,,9,regulatory,his-tRNA,1.60690081415359E-13,3.87263096211016E-11,0.714285714285714,0.625,0.666666666666667,5,
RNAseq-2_10,RNAseq-2,,10,regulatory,cbl,6.84354630604656E-16,1.64929465975722E-13,0.545454545454545,0.857142857142857,0.666666666666667,6,
RNAseq-2_11,RNAseq-2,,11,regulatory,lrp,3.36296994028186E-11,8.10475755607927E-09,0.32258064516129,0.151515151515152,0.206185567010309,10,
RNAseq-2_12,RNAseq-2,,12,regulatory,tyrR,6.04077163174067E-12,1.4558259632495E-09,0.625,0.416666666666667,0.5,5,
RNAseq-2_13,RNAseq-2,1,13,genomic,b0042|b0043|b0044|b0045|b0046|b0047|b0048|b0049|b0050|b0051|b0052|b0053,3.55669456109098E-08,1.84948117176731E-06,,,,,-17.9836266946915
RNAseq-2_14,RNAseq-2,,14,regulatory,fhlA,1.04140094361476E-21,2.50977627411157E-19,0.909090909090909,0.344827586206897,0.5,10,
RNAseq-2_15,RNAseq-2,,15,functional,L-lactate dehydrogenase activity,1.49357893829035E-07,0.000497212428557,0.214285714285714,0.75,0.333333333333333,3,
RNAseq-2_16,RNAseq-2,1,16,genomic,,,,,,,,
RNAseq-2_17,RNAseq-2,,17,regulatory,ntrC,2.12536762499143E-17,5.12213597622934E-15,0.413793103448276,0.285714285714286,0.338028169014084,12,
RNAseq-2_18,RNAseq-2,,18,regulatory,rcsA;rcsB,1.42455285295506E-12,3.43317237562168E-10,0.156862745098039,0.571428571428571,0.246153846153846,8,
RNAseq-2_19,RNAseq-2,,19,uncharacterized,,,,,,,,
RNAseq-2_20,RNAseq-2,,20,uncharacterized,,,,,,,,
RNAseq-2_21,RNAseq-2,1,21,functional,NADH dehydrogenase complex,3.78437309553192E-23,1.25981780350258E-19,0.625,0.714285714285714,0.666666666666667,10,
RNAseq-2_22,RNAseq-2,1,22,uncharacterized,,,,,,,,
RNAseq-2_23,RNAseq-2,,23,regulatory,appY,8.8533530711922E-14,2.13365809015732E-11,0.4,0.666666666666667,0.5,6,
RNAseq-2_24,RNAseq-2,,24,regulatory,flhD;flhC,6.79340943411202E-30,1.637211673621E-27,0.740740740740741,0.256410256410256,0.380952380952381,20,
RNAseq-2_25,RNAseq-2,,25,regulatory,cysB,5.64268843798531E-36,1.35988791355446E-33,0.5,0.689655172413793,0.579710144927536,20,
RNAseq-2_26,RNAseq-2,,26,regulatory,trpR,1.16887514746636E-18,2.81698910539393E-16,0.571428571428571,0.666666666666667,0.615384615384615,8,
RNAseq-2_27,RNAseq-2,,27,regulatory,soxS,1.85849081809476E-31,4.47896287160836E-29,0.39622641509434,0.552631578947368,0.461538461538462,21,
RNAseq-2_28,RNAseq-2,,28,uncharacterized,,,,,,,,
RNAseq-2_29,RNAseq-2,1,29,genomic,b0375|b0377|b0378|b0379|b0380|b0381|b0382|b0383|b0384|b0385|b0386,8.30566896694585E-05,0.004318947862812,,,,,25.4430754413263
RNAseq-2_30,RNAseq-2,,30,regulatory,rpoH,8.394087516035E-22,2.02297509136444E-19,0.9375,0.111940298507463,0.2,15,
RNAseq-2_31,RNAseq-2,,31,regulatory,dksA,1.54127387980268E-45,3.71447005032446E-43,0.82051282051282,0.296296296296296,0.435374149659864,32,
RNAseq-2_32,RNAseq-2,,32,regulatory,cpxR,1.59516978564253E-08,4.38671691051695E-06,0.209302325581395,0.142857142857143,0.169811320754717,9,
RNAseq-2_33,RNAseq-2,,33,uncharacterized,,,,,,,,
RNAseq-2_34,RNAseq-2,,34,regulatory,malT,2.33426687665034E-15,5.62558317272732E-13,0.318181818181818,0.777777777777778,0.451612903225806,7,
RNAseq-2_35,RNAseq-2,,35,regulatory,zur,4.10863630077532E-13,9.90181348486853E-11,0.333333333333333,1,0.5,5,
RNAseq-2_36,RNAseq-2,,36,regulatory,torR,2.26159388526451E-08,6.2193831844774E-06,1,0.25,0.4,3,
RNAseq-2_37,RNAseq-2,,37,regulatory,UTP,1.00965177885453E-18,2.43326078703942E-16,0.636363636363636,0.875,0.736842105263158,7,
RNAseq-2_38,RNAseq-2,,38,functional,L-glutamine transmembrane transporter activity,5.97985983205807E-06,0.006635651126974,0.2,1,0.333333333333333,2,
RNAseq-2_39,RNAseq-2,,39,regulatory,gadX,3.36711134704659E-30,8.11473834638228E-28,0.382978723404255,0.666666666666667,0.486486486486487,18,
RNAseq-2_40,RNAseq-2,,40,regulatory,dpiA,2.10610740765244E-10,5.07571885244239E-08,0.294117647058824,0.5,0.37037037037037,5,
RNAseq-2_41,RNAseq-2,,41,regulatory,purR,3.41029900411301E-10,5.41408321371625E-08,0.28,0.233333333333333,0.254545454545454,7,
RNAseq-2_42,RNAseq-2,,42,regulatory,ypdB,0,0,1,1,1,1,
RNAseq-2_43,RNAseq-2,,43,regulatory,metJ,8.49200801592649E-11,2.04657393183829E-08,0.416666666666667,0.416666666666667,0.416666666666667,5,
RNAseq-2_44,RNAseq-2,,44,regulatory,rpoS,1.26096851552169E-20,3.03893412240726E-18,0.320754716981132,0.173469387755102,0.225165562913907,51,
RNAseq-2_45,RNAseq-2,,45,regulatory,fur,1.35159367838662E-61,3.25734076491175E-59,0.826923076923077,0.387387387387387,0.52760736196319,43,
RNAseq-2_46,RNAseq-2,,46,uncharacterized,,,,,,,,
RNAseq-2_47,RNAseq-2,,47,regulatory,arcA,2.54364565910457E-13,6.13018603844201E-11,0.395348837209302,0.104938271604938,0.165853658536585,17,
RNAseq-2_48,RNAseq-2,,48,uncharacterized,,,,,,,,
RNAseq-2_49,RNAseq-2,1,49,uncharacterized,,,,,,,,
RNAseq-2_50,RNAseq-2,,50,regulatory,tdcA,1.36840609171464E-15,1.64892934051614E-13,0.5,0.857142857142857,0.631578947368421,6,
RNAseq-2_51,RNAseq-2,,51,uncharacterized,,,,,,,,
combined_0,combined,,0,regulatory,lrp,9.86346768845463E-16,2.37709571291757E-13,0.578947368421053,0.166666666666667,0.258823529411765,11,
combined_1,combined,,1,regulatory,tdcR,0,0,1,1,1,7,
combined_2,combined,1,2,genomic,b3751|b1337|b1338|b1339|b1340|b1341|b1342|b1343|b1344|b1345|b1346|b1347|b1348|b1349|b1350|b1351|b1352|b1355|b1356|b1357|b1358|b1359|b1360|b1361|b1362|b1363|b1365|b1366|b1368|b1370|b1372|b1374|b1375|b1377|b1378|b1379|b1380|b1381|b1382|b1383|b1384|b1385|b1386|b1387|b1388|b1389|b1390|b1391|b1392|b1393|b1394|b1395|b1396|b1397|b1398|b1399|b1400|b1406|b1407|b1408|b1409|b1410|b1411|b1412|b1413|b1414|b1415|b1418|b1419|b1420|b1424|b1426|b1427|b1428|b1429|b1430|b1431|b1432|b1434|b1435|b1436|b1438|b1439|b1440|b1441|b1442|b1444|b1445|b1446|b1447|b1448|b1449|b1451|b1452|b1454|b1455|b1456|b1459_1|b1461|b1463|b1464|b1465|b1466|b1467|b1468|b1469|b1471_1|b1472|b1473|b1475|b1476|b1477|b1479|b1480|b1482|b1483|b1484|b1485|b1487|b1488|b1490|b1491|b1492|b1493|b1494|b1495|b1496|b1497|b1498|b1499|b1500|b1501|b4493_1,0.002129824783727,0.014549536911111,,,,,9.76565351563877
combined_3,combined,,3,regulatory,purR,1.45966080210577E-28,3.5177825330749E-26,0.652173913043478,0.5,0.566037735849057,15,
combined_4,combined,,4,regulatory,yiaJ,5.7434144012361E-28,1.3841628706979E-25,0.909090909090909,0.909090909090909,0.909090909090909,10,
combined_5,combined,,5,regulatory,fliA,6.04977129143061E-50,1.45799488123478E-47,0.964285714285714,0.415384615384615,0.580645161290323,27,
combined_6,combined,,6,uncharacterized,,,,,,,,
combined_7,combined,,7,regulatory,nadR,4.1119888822981E-10,9.90989320633841E-08,1,0.75,0.857142857142857,3,
combined_8,combined,,8,regulatory,nrdR,1.77951312823439E-17,4.28862663904488E-15,1,0.666666666666667,0.8,6,
combined_9,combined,1,9,genomic,b3357,0.002302383197598,0.04288638826943,,,,,5.92308168123788
combined_10,combined,,10,regulatory,fur,3.32983821433669E-49,8.02491009655142E-47,0.813953488372093,0.315315315315315,0.454545454545454,35,
combined_11,combined,,11,uncharacterized,,,,,,,,
combined_12,combined,,12,regulatory,ntrC,1.16386461028925E-10,2.8049137107971E-08,1,0.119047619047619,0.212765957446808,5,
combined_13,combined,,13,uncharacterized,,,,,,,,
combined_14,combined,,14,regulatory,nagC,1.55129528056683E-23,3.73862162616605E-21,0.65,0.371428571428571,0.472727272727273,13,
combined_15,combined,,15,regulatory,cysB,2.12949331879689E-14,5.13207889830051E-12,0.777777777777778,0.241379310344828,0.368421052631579,7,
combined_16,combined,,16,regulatory,gntR,7.84905000401775E-10,1.89162105096828E-07,0.666666666666667,0.333333333333333,0.444444444444444,4,
combined_17,combined,,17,regulatory,gadW,4.56873743763391E-20,1.03360463564392E-17,0.8,0.615384615384615,0.695652173913043,8,
combined_18,combined,,18,regulatory,ygbI,1.72390334298266E-14,4.15460705658822E-12,0.555555555555556,1,0.714285714285714,5,
combined_19,combined,,19,regulatory,dpiA,2.0664596201646E-13,4.98016768459669E-11,0.833333333333333,0.5,0.625,5,
combined_20,combined,,20,regulatory,ile-tRNA,3.06231823823798E-21,7.38018695415354E-19,1,0.875,0.933333333333333,7,
combined_21,combined,,21,uncharacterized,,,,,,,,
combined_22,combined,1,22,genomic,b2265|b0593,5.33943116343139E-06,0.000966437040581,,,,,12.5493386176003
combined_23,combined,,23,functional,CP4-44 prophage,8.63517665284306E-09,2.87465030773145E-05,1,0.333333333333333,0.5,3,
combined_24,combined,,24,regulatory,fadR,1.80269167181512E-18,4.34448692907443E-16,0.642857142857143,0.409090909090909,0.5,9,
combined_25,combined,,25,regulatory,galR,2.0664596201646E-13,2.49008384229835E-11,0.833333333333333,0.5,0.625,5,
combined_26,combined,,26,regulatory,araC,1.42047616125525E-23,3.42334754862515E-21,0.666666666666667,0.714285714285714,0.689655172413793,10,
combined_27,combined,,27,uncharacterized,,,,,,,,
combined_28,combined,1,28,regulatory,narL,4.30412584014013E-27,5.18647163736886E-25,1,0.145299145299145,0.253731343283582,17,
combined_29,combined,,29,regulatory,xylR,1.36840609171464E-15,3.29785868103227E-13,0.5,0.857142857142857,0.631578947368421,6,
combined_30,combined,,30,regulatory,argR,2.8660503385858E-37,6.90718131599179E-35,0.9,0.5,0.642857142857143,18,
combined_31,combined,,31,uncharacterized,,,,,,,,
combined_32,combined,1,32,genomic,b0375|b0377|b0378|b0379|b0380|b0381|b0382|b0383|b0384|b0385|b0386,7.76326333218336E-08,1.40515066312519E-05,,,,,21.4306986327594
combined_33,combined,,33,regulatory,cdaR,3.06231823824199E-21,7.38018695416319E-19,0.875,1,0.933333333333333,7,
combined_34,combined,,34,regulatory,arcA,8.6599236933289E-09,2.38147901566545E-06,0.254237288135593,0.092592592592593,0.135746606334842,15,
combined_35,combined,,35,uncharacterized,,,,,,,,
combined_36,combined,1,36,functional,cytochrome bo3 ubiquinol oxidase activity,1.59091651365337E-12,1.76538702465069E-09,0.666666666666667,1,0.8,4,
combined_37,combined,,37,regulatory,dhaR,1.64447736960384E-09,3.96319046074525E-07,0.75,0.75,0.75,3,
combined_38,combined,,38,uncharacterized,,,,,,,,
combined_39,combined,,39,uncharacterized,,,,,,,,
combined_40,combined,,40,regulatory,flhD;flhC,4.31453570183473E-38,1.03980310414217E-35,0.827586206896552,0.307692307692308,0.448598130841121,24,
combined_41,combined,,41,functional,formate dehydrogenase (quinone) activity,4.11039796579477E-09,6.84175741406539E-06,0.75,0.6,0.666666666666667,3,
combined_42,combined,,42,regulatory,fliZ,1.59091651366347E-12,3.83410879792897E-10,1,0.263157894736842,0.416666666666667,5,
combined_43,combined,,43,uncharacterized,,,,,,,,
combined_44,combined,,44,uncharacterized,,,,,,,,
combined_45,combined,,45,uncharacterized,,,,,,,,
combined_46,combined,1,46,genomic,b3346,3.48308437133627E-05,0.006304382712119,,,,,13.6709257756787
combined_47,combined,,47,regulatory,csqR,0,0,1,1,1,10,
combined_48,combined,,48,regulatory,narL,3.00816323051018E-12,7.24967338552952E-10,0.393939393939394,0.111111111111111,0.173333333333333,13,
combined_49,combined,,49,regulatory,tyrR,1.36840609171123E-15,3.29785868102407E-13,0.857142857142857,0.5,0.631578947368421,6,
combined_50,combined,,50,functional,"proton-transporting ATP synthase activity, rotational mechanism",3.06231823823798E-21,1.01944574150942E-17,1,0.875,0.933333333333333,7,
combined_51,combined,1,51,genomic,b0002|b4252,1.52905569472672E-06,0.000276759080746,,,,,12.2724467044613
combined_52,combined,,52,functional,lipopolysaccharide core region biosynthetic process,2.45262413319688E-14,8.16478573941242E-11,0.444444444444444,0.333333333333333,0.380952380952381,8,
combined_53,combined,1,53,genomic,b1820|b1821|b1822|b1823|b1824|b1825|b1826|b1827|b1829|b1830|b1834|b1835|b1836|b1837|b1838|b1839|b1840|b1841|b1842|b1843|b1844|b1846|b1847|b1848|b1849|b1850|b1851|b1852|b1853|b1854|b1855|b1856|b1857,1.65893682124718E-08,3.0026756464574E-06,,,,,36.8630443221959
combined_54,combined,,54,regulatory,L-tryptophan,0,0,1,1,1,3,
combined_55,combined,,55,regulatory,dksA,9.19839204654628E-11,2.21681248321765E-08,0.259259259259259,0.12962962962963,0.17283950617284,14,
combined_56,combined,,56,regulatory,cysB,2.79258202532216E-19,6.7301226810264E-17,0.666666666666667,0.344827586206897,0.454545454545454,10,
combined_57,combined,,57,regulatory,narL,1.35256434520714E-16,3.2596800719492E-14,0.8,0.102564102564103,0.181818181818182,12,
combined_58,combined,,58,regulatory,fucR,1.83080450887221E-14,4.41223886638203E-12,0.352941176470588,0.857142857142857,0.5,6,
combined_59,combined,1,59,genomic,b0758|b0759|b3548|b3549|b3550|b3551|b3552|b3553|b3554|b3555|b3556|b4647|b4455|b3557|b3558|b3559|b3560|b4553|b3561|b3562|b3563|b3564|b3565|b3566|b3567|b3568|b3569|b3570|b3571|b3572|b3573|b3574|b3575|b3576|b3577|b3578|b3579|b3580|b3581|b3582|b3583|b4648|b4649|b3584|b3585|b3586|b3587|b3588|b3589|b3590|b3591|b3592|b3593|b3594|b3595|b3596|b4650|b4651|b4615|b4652|b3597|b3598|b3599|b3600|b3601|b4554|b3602|b3603|b3604|b3605|b3606|b3607|b3608|b3609|b3610|b3611|b3612|b3613|b3614|b3615|b3616|b3617|b3618|b3619|b3620|b3621|b3625|b3627|b3628|b3630|b3631|b3632|b3633|b3634|b3635|b3636|b3637|b3638|b3639|b3640|b3641|b3642|b3643|b3644|b3645|b3646|b3647|b3648|b3649|b3650|b3651|b3652|b3653|b3654|b3655|b3656|b3657|b4653|b3659|b3660|b3661|b4555|b3662|b3663|b3664,1.99966807112872E-06,0.000132700204392,-19.8853454511826,0.6,0.184615384615385,6,
combined_60,combined,,60,regulatory,gcvA,1.64447736960384E-09,3.96319046074525E-07,0.75,0.75,0.75,3,
combined_61,combined,,61,regulatory,fnr,3.44483975013064E-14,8.30206379781484E-12,0.51219512195122,0.075268817204301,0.13125,21,
combined_62,combined,,62,uncharacterized,,,,,,,,
combined_63,combined,,63,regulatory,fur,5.38629523131761E-25,1.29809715074754E-22,0.730769230769231,0.171171171171171,0.277372262773723,19,
combined_64,combined,,64,functional,e14 prophage,2.04000719196923E-16,6.79118394206556E-13,0.615384615384615,0.380952380952381,0.470588235294118,8,
combined_65,combined,,65,regulatory,ypdB,0,0,1,1,1,1,
combined_66,combined,,66,regulatory,malT,6.40306825108844E-23,1.54313944851231E-20,0.888888888888889,0.888888888888889,0.888888888888889,8,
combined_67,combined,,67,regulatory,narP,3.17902308872068E-15,7.66144564381685E-13,0.888888888888889,0.163265306122449,0.275862068965517,8,
combined_68,combined,,68,regulatory,rpoE,2.27712334064841E-11,5.48786725096268E-09,1,0.058333333333333,0.110236220472441,7,
combined_69,combined,,69,regulatory,cra,4.95401012551117E-12,1.19391644024819E-09,0.666666666666667,0.10958904109589,0.188235294117647,8,
combined_70,combined,,70,functional,DNA polymerase V complex,1.32885774045735E-07,0.000442376741798,1,1,1,2,
combined_71,combined,,71,uncharacterized,,,,,,,,
combined_72,combined,,72,regulatory,fur,1.10402460141146E-19,2.66069928940162E-17,0.64,0.144144144144144,0.235294117647059,16,
combined_73,combined,,73,regulatory,torR,2.26159388526451E-08,6.2193831844774E-06,1,0.25,0.4,3,
combined_74,combined,,74,regulatory,bluR,0,0,1,1,1,4,
combined_75,combined,,75,regulatory,oxyR,1.55978774472665E-13,2.31328520910713E-11,1,0.193548387096774,0.324324324324324,6,
combined_76,combined,,76,regulatory,soxS,1.00615040364209E-22,2.42482247277743E-20,0.355555555555556,0.421052631578947,0.385542168674699,16,
combined_77,combined,,77,uncharacterized,,,,,,,,
combined_78,combined,,78,regulatory,trpR,3.91388465768717E-22,9.43246202502607E-20,1,0.666666666666667,0.8,8,
combined_79,combined,,79,regulatory,puuR,0,0,1,1,1,6,
combined_80,combined,,80,regulatory,lrp,1.9248139341801E-11,4.63880158137404E-09,1,0.090909090909091,0.166666666666667,6,
combined_81,combined,,81,regulatory,fadR,8.61846251127655E-09,2.37007719060105E-06,0.2,0.272727272727273,0.230769230769231,6,
combined_82,combined,,82,uncharacterized,,,,,,,,
combined_83,combined,,83,regulatory,fecI,8.20906353801262E-16,1.97838431266104E-13,0.833333333333333,1,0.909090909090909,5,
combined_84,combined,,84,regulatory,appY,1.31406251420595E-24,3.16689065923634E-22,0.692307692307692,1,0.818181818181818,9,
combined_85,combined,1,85,genomic,b0683,6.53577625242541E-07,0.000118297550169,,,,,12.364737893501
combined_86,combined,,86,functional,e14 prophage,1.23025450635566E-29,4.09551725165798E-26,1,0.571428571428571,0.727272727272727,12,
combined_87,combined,,87,regulatory,his-tRNA,7.11615392306831E-24,1.71499309545946E-21,0.888888888888889,1,0.941176470588235,8,
combined_88,combined,1,88,genomic,b3751|b1337|b1338|b1339|b1340|b1341|b1342|b1343|b1344|b1345|b1346|b1347|b1348|b1349|b1350|b1351|b1352|b1355|b1356|b1357|b1358|b1359|b1360|b1361|b1362|b1363|b1365|b1366|b1368|b1370|b1372|b1374|b1375|b1377|b1378|b1379|b1380|b1381|b1382|b1383|b1384|b1385|b1386|b1387|b1388|b1389|b1390|b1391|b1392|b1393|b1394|b1395|b1396|b1397|b1398|b1399|b1400|b1406|b1407|b1408|b1409|b1410|b1411|b1412|b1413|b1414|b1415|b1418|b1419|b1420|b1424|b1426|b1427|b1428|b1429|b1430|b1431|b1432|b1434|b1435|b1436|b1438|b1439|b1440|b1441|b1442|b1444|b1445|b1446|b1447|b1448|b1449|b1451|b1452|b1454|b1455|b1456|b1459_1|b1461|b1463|b1464|b1465|b1466|b1467|b1468|b1469|b1471_1|b1472|b1473|b1475|b1476|b1477|b1479|b1480|b1482|b1483|b1484|b1485|b1487|b1488|b1490|b1491|b1492|b1493|b1494|b1495|b1496|b1497|b1498|b1499|b1500|b1501|b4493_1,0.015798550560237,0.040275178188773,,,,,-4.12693494431198
combined_89,combined,,89,regulatory,rpoS,2.84109435166695E-23,6.84703738751735E-21,0.465116279069767,0.136054421768707,0.210526315789474,40,
combined_90,combined,,90,uncharacterized,,,,,,,,
combined_91,combined,,91,regulatory,cusR,1.63772906415191E-14,1.97346352230305E-12,0.666666666666667,0.5,0.571428571428571,6,
combined_92,combined,,92,regulatory,gadW,1.1180428481094E-15,2.66342480517864E-13,0.538461538461538,0.538461538461538,0.538461538461538,7,
combined_93,combined,,93,regulatory,rcsA;rcsB,1.34812991688217E-14,3.24899309968603E-12,0.266666666666667,0.571428571428571,0.363636363636364,8,
combined_94,combined,,94,regulatory,narL,1.17086148247714E-17,2.82177617276992E-15,1,0.094017094017094,0.171875,11,
combined_95,combined,,95,functional,DLP12 prophage,5.813144990906E-10,1.93519596747261E-06,0.142857142857143,0.411764705882353,0.212121212121212,7,
combined_96,combined,,96,functional,glutamine transport,4.11198888231165E-10,1.36888109892155E-06,0.75,1,0.857142857142857,3,
combined_97,combined,,97,regulatory,gntR,8.06642183694763E-22,1.94400766270438E-19,0.642857142857143,0.75,0.692307692307692,9,
combined_98,combined,,98,regulatory,leu-tRNA,3.44780668596014E-14,8.30921411316393E-12,1,0.5,0.666666666666667,5,
combined_99,combined,,99,regulatory,mraZ,8.92556420780315E-23,2.15106097408056E-20,0.175,0.875,0.291666666666667,14,
combined_100,combined,,100,functional,asparagine biosynthetic process,1.32885774045735E-06,0.002211883708991,0.4,1,0.571428571428571,2,
combined_101,combined,,101,regulatory,arcA,3.07200429710572E-11,7.40353035602478E-09,0.666666666666667,0.061728395061728,0.112994350282486,10,
combined_102,combined,,102,regulatory,iscR,8.61695274304364E-11,2.07668561107352E-08,0.545454545454545,0.1875,0.279069767441861,6,
combined_103,combined,,103,regulatory,flhD;flhC,4.14243361213905E-36,9.98326500525512E-34,0.88,0.282051282051282,0.427184466019417,22,
combined_104,combined,,104,regulatory,rbsR,1.24483236385049E-16,3.00004599687967E-14,0.857142857142857,0.666666666666667,0.75,6,
combined_105,combined,,105,regulatory,glpR,0,0,1,1,1,8,
combined_106,combined,,106,regulatory,nikR,8.20906353799769E-16,1.97838431265744E-13,1,0.833333333333333,0.909090909090909,5,
combined_107,combined,,107,uncharacterized,,,,,,,,
combined_108,combined,,108,regulatory,lexA,1.4066848485702E-34,3.39011048505419E-32,0.647058823529412,0.392857142857143,0.488888888888889,22,
combined_109,combined,,109,regulatory,zur,6.3209789242697E-14,1.523355920749E-11,0.454545454545454,1,0.625,5,
combined_110,combined,,110,uncharacterized,,,,,,,,
combined_111,combined,,111,functional,heme transport,3.61397079140916E-13,1.20309087646011E-09,0.714285714285714,0.555555555555556,0.625,5,
combined_112,combined,,112,regulatory,rpoH,1.69539011872801E-48,4.08589018613451E-46,0.918918918918919,0.253731343283582,0.39766081871345,34,
combined_113,combined,,113,functional,ferric-enterobactin transport,4.6683282841276E-07,0.001554086485786,0.125,0.444444444444444,0.195121951219512,4,
combined_114,combined,,114,regulatory,birA,4.11198888231165E-10,9.90989320637108E-08,0.75,1,0.857142857142857,3,
combined_115,combined,,115,uncharacterized,,,,,,,,
combined_116,combined,,116,regulatory,dksA,7.54344005038143E-60,1.81796905214192E-57,0.807692307692308,0.388888888888889,0.525,42,
combined_117,combined,,117,functional,hyperosmotic response,2.30048649095808E-08,7.65831952839945E-05,0.75,0.375,0.5,3,
combined_118,combined,1,118,genomic,b2782,8.51315802345987E-05,0.007704408011231,,,,,-7.18825697268728
combined_119,combined,,119,regulatory,gadX,1.75537726897102E-18,4.23045921822017E-16,1,0.296296296296296,0.457142857142857,8,
combined_120,combined,,120,regulatory,cysB,1.01097057580102E-30,2.43643908768045E-28,0.53125,0.586206896551724,0.557377049180328,17,
combined_121,combined,,121,uncharacterized,,,,,,,,
combined_122,combined,,122,regulatory,arcA,3.14633572324162E-12,7.58266909301229E-10,0.769230769230769,0.061728395061728,0.114285714285714,10,
combined_123,combined,,123,regulatory,UTP,1.01761001099878E-21,2.45244012650707E-19,0.615384615384615,1,0.761904761904762,8,
combined_124,combined,,124,uncharacterized,,,,,,,,
combined_125,combined,,125,regulatory,gutM,8.20906353799769E-16,9.89192156328722E-14,1,0.833333333333333,0.909090909090909,5,
combined_126,combined,,126,regulatory,nrdR,1.05577990116184E-10,2.54442956180004E-08,0.294117647058824,0.555555555555556,0.384615384615385,5,
combined_127,combined,,127,regulatory,glcC,8.20906353799769E-16,1.97838431265744E-13,1,0.833333333333333,0.909090909090909,5,
combined_128,combined,,128,regulatory,gatR,1.08359638701767E-13,2.61146729271258E-11,0.416666666666667,1,0.588235294117647,5,
combined_129,combined,,129,uncharacterized,,,,,,,,
combined_130,combined,,130,regulatory,evgA,7.24337523474562E-25,1.74565343157369E-22,0.6875,0.647058823529412,0.666666666666667,11,
combined_131,combined,,131,regulatory,nac,2.80470461746717E-27,6.75933812809588E-25,0.466666666666667,0.7,0.56,14,
combined_132,combined,,132,regulatory,narP,5.98769520172908E-10,1.44303454361671E-07,0.6,0.122448979591837,0.203389830508475,6,
combined_133,combined,,133,regulatory,phoP,8.53981357897292E-11,2.05809507253247E-08,0.28125,0.183673469387755,0.222222222222222,9,
combined_134,combined,,134,regulatory,prpR,2.65098025187581E-12,6.3888624070207E-10,0.8,0.8,0.8,4,
combined_135,combined,,135,uncharacterized,,,,,,,,
combined_136,combined,1,136,genomic,b0002|b4252,9.27211933088312E-06,0.000839126799445,,,,,-12.0036677851449
combined_137,combined,,137,functional,enterobactin biosynthetic process,1.2968360594642E-10,4.31716724195631E-07,0.571428571428571,0.571428571428571,0.571428571428571,4,
combined_138,combined,1,138,genomic,b3515,8.52120827212755E-05,0.007711693486275,,,,,6.7037894488658
combined_139,combined,,139,uncharacterized,,,,,,,,
combined_140,combined,,140,regulatory,TPP,0,0,1,1,1,10,
combined_141,combined,,141,uncharacterized,,,,,,,,
combined_142,combined,,142,regulatory,allR,4.97602364609583E-16,1.1992216987091E-13,0.666666666666667,0.75,0.705882352941176,6,
combined_143,combined,,143,regulatory,spermidine,0,0,1,1,1,5,
combined_144,combined,,144,regulatory,oxyR,8.00893307356514E-15,1.9301528707292E-12,0.875,0.225806451612903,0.358974358974359,7,
combined_145,combined,,145,regulatory,phoB,3.81524648838657E-12,9.19474403701163E-10,1,0.117647058823529,0.210526315789474,6,
combined_146,combined,,146,regulatory,atoC,7.42427706371571E-12,1.78925077235548E-09,0.5,1,0.666666666666667,4,
combined_147,combined,,147,uncharacterized,,,,,,,,
combined_148,combined,,148,regulatory,cpxR,3.02871587663026E-20,7.29920526267892E-18,0.432432432432432,0.253968253968254,0.32,16,
combined_149,combined,,149,regulatory,fhlA,9.50972546438261E-23,2.29184383691621E-20,1,0.344827586206897,0.512820512820513,10,
combined_150,combined,,150,regulatory,narL,2.30644583240763E-11,5.5585344561024E-09,0.8,0.068376068376068,0.125984251968504,8,
combined_151,combined,,151,regulatory,lsrR,2.13403752306664E-20,5.14303043059061E-18,0.571428571428571,0.888888888888889,0.695652173913043,8,
combined_152,combined,,152,regulatory,metJ,2.50224358764277E-24,6.03040704621907E-22,0.625,0.833333333333333,0.714285714285714,10,
combined_153,combined,,153,regulatory,yieP,4.01840564052068E-10,9.68435759365484E-08,0.625,0.2,0.303030303030303,5,
combined_154,combined,,154,regulatory,lldR,0,0,1,1,1,3,
combined_155,combined,,155,regulatory,ntrC,9.48916614776632E-42,2.28688904161168E-39,0.71875,0.547619047619048,0.621621621621622,23,
combined_156,combined,,156,regulatory,cra,8.22200172668386E-15,1.98150241613081E-12,0.666666666666667,0.136986301369863,0.227272727272727,10,
combined_157,combined,,157,uncharacterized,,,,,,,,
combined_158,combined,,158,regulatory,soxS,8.6978372573415E-40,2.0961787790193E-37,0.446428571428571,0.657894736842105,0.531914893617021,25,
combined_159,combined,,159,functional,amyloid fibril formation,3.98657322137205E-07,0.001327130225395,0.666666666666667,1,0.8,2,
combined_160,combined,,160,regulatory,mlc,4.66282621592806E-10,1.12374111803866E-07,0.571428571428571,0.444444444444444,0.5,4,
combined_161,combined,1,161,genomic,b1530|b3480|b3481|b3482|b3483|b3485|b3486|b3487|b3488|b3491|b3492|b3493|b3494|b3495|b3496|b3497|b3498|b3499|b3500|b3501|b3502|b3506|b3507|b3508|b3509|b3510|b3511|b3512|b3513|b3514|b3515|b3516|b3517|b3518|b3519|b3520|b3521|b3522|b3523|b3524|b3525|b3526|b3527|b3528|b3529|b3530|b3531|b3532|b3533|b3535|b3536|b3537|b3538|b3539|b3540|b3541|b3542|b3543|b3544|b3546|b3547|b3548|b3549|b3550|b3551|b3552|b3553|b3554|b3555|b3556|b3557|b3558|b3559|b3560|b3561|b3563|b3564|b3565|b3566|b3567|b3568|b3569|b3570|b3571|b3572|b3573|b3574|b3575|b3576|b3577|b3578|b3579|b3580|b3581|b3582|b3583|b3584|b3585|b3586|b3587|b3588|b3589|b3590|b3591|b4660_1,0.000144459039258,0.005636941145194,,,,,-10.1266997552428
combined_162,combined,,162,regulatory,cytR,9.1479775989233E-21,2.20466260134051E-18,0.888888888888889,0.615384615384615,0.727272727272727,8,
combined_163,combined,,163,functional,detoxification of copper ion,1.99328661069144E-06,0.006635651126992,1,0.333333333333333,0.5,2,
combined_164,combined,,164,functional,enterobacterial common antigen biosynthetic process,2.66911438182425E-07,0.000888548177709,0.142857142857143,0.444444444444444,0.216216216216216,4,
combined_165,combined,,165,uncharacterized,,,,,,,,
combined_166,combined,,166,uncharacterized,,,,,,,,
combined_167,combined,,167,regulatory,iclR,4.1119888822981E-10,9.90989320633841E-08,1,0.75,0.857142857142857,3,
combined_168,combined,,168,regulatory,nsrR,2.70321931178654E-09,6.51475854140556E-07,1,0.064935064935065,0.121951219512195,5,
combined_169,combined,,169,uncharacterized,,,,,,,,
combined_170,combined,,170,uncharacterized,,,,,,,,
combined_171,combined,,171,functional,nitrate reductase complex,4.11039796577613E-09,1.36835148280687E-05,0.6,0.75,0.666666666666667,3,
combined_172,combined,,172,regulatory,treR,0,0,1,1,1,2,
combined_173,combined,,173,functional,L-arginine import across plasma membrane,7.75836953158292E-10,2.58276121706395E-06,0.181818181818182,1,0.307692307692308,4,
combined_174,combined,,174,functional,cytosolic large ribosomal subunit,6.0541854422174E-07,0.002015438333714,0.15,0.1875,0.166666666666667,6,
combined_175,combined,1,175,genomic,b1658,4.1048818908429E-06,0.000742983622243,,,,,13.3255732907999
combined_176,combined,,176,uncharacterized,,,,,,,,
combined_177,combined,,177,uncharacterized,,,,,,,,
combined_178,combined,,178,uncharacterized,,,,,,,,
combined_179,combined,,179,functional,acetate biosynthetic process,2.79060125496044E-06,0.009289911577763,0.285714285714286,1,0.444444444444444,2,
combined_180,combined,,180,uncharacterized,,,,,,,,
