,dataset,component,type,description,pvalue,qvalue,precision,recall,f1score,TP
MA-1_0,MA-1,0,regulatory,arcA,2.993701018433648e-12,8.232677800692531e-10,0.9,0.05555555555555555,0.10465116279069768,9.0
MA-1_1,MA-1,1,regulatory,fnr,2.368387169943014e-19,6.513064717343289e-17,0.5384615384615384,0.1003584229390681,0.1691842900302115,28.0
MA-1_2,MA-1,2,uncharacterized,,,,,,,
MA-1_3,MA-1,3,uncharacterized,,,,,,,
MA-1_4,MA-1,4,uncharacterized,,,,,,,
MA-1_5,MA-1,5,regulatory,rpoS,1.565866882729119e-24,4.306133927505078e-22,0.4938271604938271,0.1360544217687075,0.21333333333333332,40.0
MA-1_6,MA-1,6,regulatory,dksA,2.1342934871900724e-30,5.8693070897727e-28,0.7857142857142857,0.2037037037037037,0.32352941176470584,22.0
MA-1_7,MA-1,7,uncharacterized,,,,,,,
MA-1_8,MA-1,8,uncharacterized,,,,,,,
MA-1_9,MA-1,9,uncharacterized,,,,,,,
MA-1_10,MA-1,10,regulatory,fis,7.14764666083182e-15,1.9656028317287504e-12,0.5833333333333334,0.09722222222222222,0.16666666666666666,14.0
MA-1_11,MA-1,11,regulatory,araC,1.42047616125525e-23,3.906309443451937e-21,0.6666666666666666,0.7142857142857143,0.6896551724137929,10.0
MA-1_12,MA-1,12,regulatory,cysB,1.1912684924206366e-28,3.2759883541567505e-26,0.7777777777777778,0.4827586206896552,0.5957446808510638,14.0
MA-1_13,MA-1,13,regulatory,pdhR,7.947424379594584e-12,1.7446265564311e-09,0.5384615384615384,0.18421052631578946,0.2745098039215686,7.0
MA-1_14,MA-1,14,functional,hyperosmotic response,5.75678443522022e-09,1.9170092169283332e-05,1.0,0.375,0.5454545454545454,3.0
MA-1_15,MA-1,15,regulatory,glpR,1.0493255230063644e-17,2.8856451882675016e-15,0.5,0.875,0.6363636363636364,7.0
MA-1_16,MA-1,16,functional,lipopolysaccharide core region biosynthetic process,4.220761251624843e-14,1.4055134967910726e-10,0.42105263157894735,0.3333333333333333,0.37209302325581395,8.0
MA-1_17,MA-1,17,uncharacterized,,,,,,,
MA-1_18,MA-1,18,functional,organic phosphonate catabolic process,9.698762257491446e-10,3.2296878317446527e-06,0.06593406593406594,0.8571428571428571,0.12244897959183673,6.0
MA-1_19,MA-1,19,uncharacterized,,,,,,,
MA-1_20,MA-1,20,uncharacterized,,,,,,,
MA-1_21,MA-1,21,regulatory,cpxR,9.57673880670938e-12,2.63360317184508e-09,0.3448275862068966,0.15873015873015872,0.21739130434782608,10.0
MA-1_22,MA-1,22,uncharacterized,,,,,,,
MA-1_23,MA-1,23,uncharacterized,,,,,,,
MA-1_24,MA-1,24,uncharacterized,,,,,,,
MA-1_25,MA-1,25,uncharacterized,,,,,,,
MA-1_26,MA-1,26,uncharacterized,,,,,,,
MA-1_27,MA-1,27,functional,transcriptional attenuation,1.8205830776434848e-07,0.0006062541648552803,0.13043478260869565,1.0,0.2307692307692308,3.0
MA-1_28,MA-1,28,functional,DLP12 prophage,3.2929987400016795e-09,1.0965685804205592e-05,0.17647058823529413,0.35294117647058826,0.23529411764705885,6.0
MA-1_29,MA-1,29,uncharacterized,,,,,,,
MA-1_30,MA-1,30,uncharacterized,,,,,,,
MA-1_31,MA-1,31,uncharacterized,,,,,,,
MA-1_32,MA-1,32,regulatory,csiR,4.6037796498431085e-12,1.2660394037068545e-09,0.21739130434782608,1.0,0.3571428571428571,5.0
MA-1_33,MA-1,33,uncharacterized,,,,,,,
MA-1_34,MA-1,34,regulatory,fur,3.471748483229687e-53,9.547308328881639e-51,0.8409090909090909,0.3333333333333333,0.4774193548387096,37.0
MA-1_35,MA-1,35,regulatory,cra,2.4869724882257145e-10,6.839174342620717e-08,0.8571428571428571,0.0821917808219178,0.15,6.0
MA-1_36,MA-1,36,regulatory,tdcA,3.712138531863015e-12,5.104190481311646e-10,1.0,0.5714285714285714,0.7272727272727273,4.0
MA-1_37,MA-1,37,functional,mannose transport,1.1719168314588235e-07,0.00019512415243789412,0.15,1.0,0.2608695652173913,3.0
MA-1_38,MA-1,38,regulatory,bluR,1.1270052582720482e-09,3.0992644602481324e-07,0.16666666666666666,1.0,0.2857142857142857,4.0
MA-1_39,MA-1,39,regulatory,rpoH,1.4102781526685572e-49,3.8782649198385326e-47,0.9444444444444444,0.2537313432835821,0.4,34.0
MA-1_40,MA-1,40,uncharacterized,,,,,,,
MA-1_41,MA-1,41,functional,DNA polymerase V complex,1.3288577404573524e-07,0.00044250962757229833,1.0,1.0,1.0,2.0
MA-1_42,MA-1,42,uncharacterized,,,,,,,
MA-1_43,MA-1,43,uncharacterized,,,,,,,
MA-1_44,MA-1,44,uncharacterized,,,,,,,
MA-1_45,MA-1,45,regulatory,relB,0.0,0.0,1.0,1.0,1.0,3.0
MA-1_46,MA-1,46,uncharacterized,,,,,,,
MA-1_47,MA-1,47,uncharacterized,,,,,,,
MA-1_48,MA-1,48,uncharacterized,,,,,,,
MA-1_49,MA-1,49,regulatory,fliA,7.228172150668557e-61,1.9877473414338536e-58,0.7037037037037037,0.5846153846153846,0.638655462184874,38.0
MA-1_50,MA-1,50,uncharacterized,,,,,,,
MA-1_51,MA-1,51,regulatory,bluR,1.1270052582720482e-09,3.0992644602481324e-07,0.16666666666666666,1.0,0.2857142857142857,4.0
MA-1_52,MA-1,52,regulatory,malT,1.1733567434459748e-21,3.2267310444764304e-19,0.7272727272727273,0.8888888888888888,0.7999999999999999,8.0
MA-1_53,MA-1,53,uncharacterized,,,,,,,
MA-1_54,MA-1,54,uncharacterized,,,,,,,
MA-1_55,MA-1,55,functional,methylgalactoside transport,4.9277048093875835e-08,0.00016409257015260654,0.3,0.75,0.4285714285714285,3.0
MA-1_56,MA-1,56,uncharacterized,,,,,,,
MA-1_57,MA-1,57,functional,hydrogenase (acceptor) activity,4.6722513447924326e-07,0.00155585969781588,0.15,0.75,0.25,3.0
MA-1_58,MA-1,58,regulatory,purR,2.6841660384837773e-18,7.38145660583039e-16,0.5882352941176471,0.3333333333333333,0.42553191489361697,10.0
MA-1_59,MA-1,59,regulatory,pdhR,4.2398025961382115e-09,1.165945713938008e-06,0.14516129032258066,0.2368421052631579,0.18,9.0
MA-1_60,MA-1,60,functional,3-phenylpropionate catabolic process,7.068363044279605e-07,0.002353764893745108,0.05194805194805195,0.8,0.0975609756097561,4.0
MA-1_61,MA-1,61,regulatory,gcvA,8.219205015029286e-09,2.2602813791330537e-06,0.5,0.75,0.6,3.0
MA-1_62,MA-1,62,uncharacterized,,,,,,,
MA-1_63,MA-1,63,uncharacterized,,,,,,,
MA-1_64,MA-1,64,uncharacterized,,,,,,,
MA-1_65,MA-1,65,functional,D-arabinose catabolic process,2.849608295441987e-06,0.009489195623821816,0.05357142857142857,1.0,0.10169491525423728,3.0
MA-1_66,MA-1,66,uncharacterized,,,,,,,
MA-1_67,MA-1,67,regulatory,crp,1.2787253736515566e-08,3.516494777541781e-06,0.5714285714285714,0.03404255319148936,0.0642570281124498,16.0
MA-1_68,MA-1,68,regulatory,gadW,4.886576996542002e-29,8.443617432216423e-27,0.40625,1.0,0.5777777777777777,13.0
MA-1_69,MA-1,69,uncharacterized,,,,,,,
MA-1_70,MA-1,70,regulatory,ypdB,0.0,0.0,1.0,1.0,1.0,1.0
MA-1_71,MA-1,71,uncharacterized,,,,,,,
MA-1_72,MA-1,72,regulatory,narL,4.701272501760425e-24,1.292849937984117e-21,0.6451612903225806,0.17094017094017094,0.2702702702702703,20.0
MA-1_73,MA-1,73,functional,[Ni-Fe] hydrogenase complex,1.522886099350043e-06,0.005071210710835643,0.06896551724137931,0.5714285714285714,0.12307692307692307,4.0
MA-1_74,MA-1,74,uncharacterized,,,,,,,
MA-1_75,MA-1,75,regulatory,ryhB,5.718881732211502e-10,1.5726924763581626e-07,0.7142857142857143,0.15625,0.25641025641025644,5.0
MA-1_76,MA-1,76,uncharacterized,,,,,,,
MA-1_77,MA-1,77,uncharacterized,,,,,,,
MA-1_78,MA-1,78,uncharacterized,,,,,,,
MA-1_79,MA-1,79,regulatory,thr-tRNA,1.696195413953555e-08,4.6645373883722766e-06,0.2727272727272727,1.0,0.42857142857142855,3.0
MA-1_80,MA-1,80,regulatory,arcA,2.8054145852699555e-13,7.714890109492379e-11,0.6666666666666666,0.07407407407407407,0.13333333333333333,12.0
MA-1_81,MA-1,81,functional,response to cold,7.849050004017746e-10,2.6137336513379097e-06,0.6666666666666666,0.3333333333333333,0.4444444444444444,4.0
MA-1_82,MA-1,82,uncharacterized,,,,,,,
MA-1_83,MA-1,83,uncharacterized,,,,,,,
MA-1_84,MA-1,84,uncharacterized,,,,,,,
MA-1_85,MA-1,85,regulatory,mazE,2.9400720508528518e-08,4.042599069922671e-06,0.2307692307692308,1.0,0.375,3.0
MA-1_86,MA-1,86,functional,e14 prophage,4.451079559264592e-17,1.4822094932351092e-13,1.0,0.3333333333333333,0.5,7.0
MA-1_87,MA-1,87,uncharacterized,,,,,,,
MA-1_88,MA-1,88,regulatory,lexA,8.797368490930202e-36,2.4192763350058053e-33,0.7777777777777778,0.375,0.5060240963855422,21.0
MA-1_89,MA-1,89,regulatory,UTP,2.7343895670762412e-15,7.519571309459662e-13,0.5454545454545454,0.75,0.631578947368421,6.0
MA-1_90,MA-1,90,uncharacterized,,,,,,,
MA-1_91,MA-1,91,functional,e14 prophage,4.75985468505141e-27,1.5850316101221194e-23,1.0,0.5238095238095238,0.6875000000000001,11.0
MA-1_92,MA-1,92,uncharacterized,,,,,,,
MA-1_93,MA-1,93,uncharacterized,,,,,,,
MA-1_94,MA-1,94,functional,e14 prophage,1.357731372659057e-06,0.00452124547095466,0.6,0.14285714285714285,0.23076923076923075,3.0
MA-1_95,MA-1,95,uncharacterized,,,,,,,
MA-1_96,MA-1,96,uncharacterized,,,,,,,
MA-1_97,MA-1,97,uncharacterized,,,,,,,
MA-1_98,MA-1,98,uncharacterized,,,,,,,
MA-1_99,MA-1,99,uncharacterized,,,,,,,
MA-1_100,MA-1,100,uncharacterized,,,,,,,
MA-1_101,MA-1,101,uncharacterized,,,,,,,
MA-1_102,MA-1,102,regulatory,nrdR,8.635176652843056e-09,1.6961954139497886e-06,1.0,0.3333333333333333,0.5,3.0
MA-2_0,MA-2,0,regulatory,fliA,7.8982897018022e-48,2.1720296679956047e-45,0.6739130434782609,0.476923076923077,0.5585585585585586,31.0
MA-2_1,MA-2,1,uncharacterized,,,,,,,
MA-2_2,MA-2,2,regulatory,narL,4.731271523862527e-12,1.3010996690621947e-09,0.8888888888888888,0.06837606837606837,0.126984126984127,8.0
MA-2_3,MA-2,3,uncharacterized,,,,,,,
MA-2_4,MA-2,4,regulatory,malT,1.7795131282343888e-17,4.893661102644571e-15,1.0,0.6666666666666666,0.8,6.0
MA-2_5,MA-2,5,uncharacterized,,,,,,,
MA-2_6,MA-2,6,regulatory,cysB,1.1021881494667683e-30,3.0310174110336128e-28,0.64,0.5517241379310345,0.5925925925925927,16.0
MA-2_7,MA-2,7,regulatory,arcA,5.236842269165366e-33,1.4401316240204758e-30,0.4444444444444444,0.2469135802469136,0.31746031746031744,40.0
MA-2_8,MA-2,8,uncharacterized,,,,,,,
MA-2_9,MA-2,9,uncharacterized,,,,,,,
MA-2_10,MA-2,10,regulatory,gadX,2.821642962202671e-30,7.759518146057343e-28,1.0,0.4814814814814815,0.65,13.0
MA-2_11,MA-2,11,uncharacterized,,,,,,,
MA-2_12,MA-2,12,regulatory,metJ,8.066421836947632e-22,2.2182660051605985e-19,0.6428571428571429,0.75,0.6923076923076924,9.0
MA-2_13,MA-2,13,regulatory,UTP,3.9138846576876136e-22,1.0763182808640937e-19,0.6666666666666666,1.0,0.8,8.0
MA-2_14,MA-2,14,regulatory,fhlA,2.172122882837357e-27,5.973337927802731e-25,1.0,0.4137931034482759,0.5853658536585366,12.0
MA-2_15,MA-2,15,regulatory,fur,9.407582653557674e-44,2.5870852297283607e-41,0.7804878048780488,0.2882882882882883,0.4210526315789474,32.0
MA-2_16,MA-2,16,regulatory,fur,6.9366493503790396e-18,1.907578571354236e-15,0.6,0.13513513513513514,0.22058823529411764,15.0
MA-2_17,MA-2,17,regulatory,cusR,5.4663565178677245e-15,7.51624021206812e-13,0.75,0.5,0.6,6.0
MA-2_18,MA-2,18,regulatory,argR,1.0113016418678512e-33,2.781079515136592e-31,0.9411764705882352,0.4444444444444444,0.6037735849056604,16.0
MA-2_19,MA-2,19,functional,extracellular polysaccharide biosynthetic process,2.439430729312765e-09,8.123304328611509e-06,0.14285714285714285,0.625,0.2325581395348837,5.0
MA-2_20,MA-2,20,regulatory,dksA,2.0058909265448862e-34,5.516200047998437e-32,0.78125,0.2314814814814815,0.3571428571428572,25.0
MA-2_21,MA-2,21,uncharacterized,,,,,,,
MA-2_22,MA-2,22,regulatory,rpoD,1.2448890182532629e-10,3.423444800196474e-08,0.8536585365853658,0.024717514124293787,0.0480439258750858,35.0
MA-2_23,MA-2,23,uncharacterized,,,,,,,
MA-2_24,MA-2,24,uncharacterized,,,,,,,
MA-2_25,MA-2,25,functional,transcriptional attenuation,5.098866214066471e-07,0.001697922449284135,0.09375,1.0,0.17142857142857146,3.0
MA-2_26,MA-2,26,uncharacterized,,,,,,,
MA-2_27,MA-2,27,regulatory,caiF,3.5739225766361e-09,9.828287085749277e-07,0.05555555555555555,0.7,0.10294117647058823,7.0
MA-2_28,MA-2,28,regulatory,zur,1.0279972205791852e-09,2.82699235659276e-07,1.0,0.6,0.7499999999999999,3.0
MA-2_29,MA-2,29,regulatory,his-tRNA,7.116153923068305e-24,1.9569423288437838e-21,0.8888888888888888,1.0,0.9411764705882352,8.0
MA-2_30,MA-2,30,regulatory,glpR,5.942141443983032e-17,1.6340888970953334e-14,0.4117647058823529,0.875,0.56,7.0
MA-2_31,MA-2,31,regulatory,fnr,1.581042297945358e-14,4.3478663193497344e-12,0.5,0.07885304659498207,0.13622291021671826,22.0
MA-2_32,MA-2,32,regulatory,lsrR,7.116153923065879e-24,1.9569423288431165e-21,1.0,0.8888888888888888,0.9411764705882352,8.0
MA-2_33,MA-2,33,regulatory,arcA,3.55666932065312e-20,9.78084063179608e-18,0.8421052631578947,0.09876543209876544,0.17679558011049726,16.0
MA-2_34,MA-2,34,uncharacterized,,,,,,,
MA-2_35,MA-2,35,functional,lipopolysaccharide core region biosynthetic process,2.308688430095915e-07,0.0007687932472219398,0.4,0.16666666666666666,0.2352941176470588,4.0
MA-2_36,MA-2,36,uncharacterized,,,,,,,
MA-2_37,MA-2,37,regulatory,cpxR,2.160491719798873e-09,5.941352229446903e-07,0.4375,0.1111111111111111,0.1772151898734177,7.0
MA-2_38,MA-2,38,regulatory,arcA,7.784452220629448e-18,2.140724360673098e-15,0.6956521739130435,0.09876543209876544,0.17297297297297298,16.0
MA-2_39,MA-2,39,regulatory,tdcA,1.4380824672535931e-08,1.9773633924736906e-06,0.75,0.42857142857142855,0.5454545454545454,3.0
MA-2_40,MA-2,40,uncharacterized,,,,,,,
MA-2_41,MA-2,41,regulatory,rpoS,1.2894662401046391e-24,3.546032160287758e-22,0.4574468085106383,0.14625850340136054,0.22164948453608246,43.0
MA-2_42,MA-2,42,uncharacterized,,,,,,,
MA-2_43,MA-2,43,uncharacterized,,,,,,,
MA-2_44,MA-2,44,uncharacterized,,,,,,,
MA-2_45,MA-2,45,regulatory,ile-tRNA,3.9138846576876136e-22,1.0763182808640937e-19,0.6666666666666666,1.0,0.8,8.0
MA-2_46,MA-2,46,regulatory,rpoH,1.6475200928345297e-12,4.5306802552949574e-10,1.0,0.059701492537313425,0.11267605633802814,8.0
MA-2_47,MA-2,47,regulatory,rpoN,6.205913430449247e-12,1.7066261933735433e-09,0.625,0.07936507936507936,0.14084507042253522,10.0
MA-2_48,MA-2,48,regulatory,spermidine,0.0,0.0,1.0,1.0,1.0,5.0
MA-2_49,MA-2,49,uncharacterized,,,,,,,
MA-2_50,MA-2,50,regulatory,mqsA,5.75678443522022e-09,8.480977069748943e-07,1.0,0.375,0.5454545454545454,3.0
MA-2_51,MA-2,51,regulatory,ydeO,1.3411465159384178e-24,3.6881529188306496e-22,0.5454545454545454,0.631578947368421,0.5853658536585366,12.0
MA-2_52,MA-2,52,uncharacterized,,,,,,,
MA-2_53,MA-2,53,uncharacterized,,,,,,,
MA-2_54,MA-2,54,functional,response to cold,5.25002449505555e-11,1.7482581568534976e-07,1.0,0.3333333333333333,0.5,4.0
MA-2_55,MA-2,55,uncharacterized,,,,,,,
MA-2_56,MA-2,56,uncharacterized,,,,,,,
MA-2_57,MA-2,57,uncharacterized,,,,,,,
MA-3_0,MA-3,0,uncharacterized,,,,,,,
MA-3_1,MA-3,1,regulatory,fur,3.497177003210613e-27,9.617236758829184e-25,0.5581395348837209,0.21621621621621626,0.3116883116883117,24.0
MA-3_2,MA-3,2,regulatory,metJ,7.849050004017746e-10,2.15848875110488e-07,0.6666666666666666,0.3333333333333333,0.4444444444444444,4.0
MA-3_3,MA-3,3,uncharacterized,,,,,,,
MA-3_4,MA-3,4,functional,cytochrome complex,7.424277063715705e-12,2.47228426221733e-08,0.5,1.0,0.6666666666666666,4.0
MA-3_5,MA-3,5,uncharacterized,,,,,,,
MA-3_6,MA-3,6,regulatory,cysB,1.5151605197640957e-20,4.1666914293512635e-18,0.19753086419753085,0.5517241379310345,0.2909090909090909,16.0
MA-3_7,MA-3,7,uncharacterized,,,,,,,
MA-3_8,MA-3,8,uncharacterized,,,,,,,
MA-3_9,MA-3,9,regulatory,fliA,7.403445057465691e-62,2.035947390803065e-59,0.6842105263157895,0.6,0.639344262295082,39.0
MA-3_10,MA-3,10,regulatory,arcA,2.6763949936196013e-50,7.360086232453906e-48,0.4295774647887324,0.3765432098765432,0.4013157894736842,61.0
MA-3_11,MA-3,11,regulatory,rpoS,3.5714322281826255e-23,9.821438627502221e-21,0.4505494505494506,0.13945578231292516,0.212987012987013,41.0
MA-3_12,MA-3,12,regulatory,UTP,2.7890747251952597e-12,7.669955494286965e-10,0.20689655172413796,0.75,0.32432432432432434,6.0
MA-3_13,MA-3,13,uncharacterized,,,,,,,
MA-3_14,MA-3,14,uncharacterized,,,,,,,
MA-3_15,MA-3,15,regulatory,glpR,1.0493255230063644e-17,2.8856451882675016e-15,0.5,0.875,0.6363636363636364,7.0
MA-3_16,MA-3,16,uncharacterized,,,,,,,
MA-3_17,MA-3,17,uncharacterized,,,,,,,
MA-3_18,MA-3,18,uncharacterized,,,,,,,
MA-3_19,MA-3,19,regulatory,fhlA,7.221802072483254e-20,1.9859955699328945e-17,0.21739130434782608,0.5172413793103449,0.30612244897959184,15.0
MA-3_20,MA-3,20,regulatory,fliZ,4.730490605364633e-10,1.3008849164752741e-07,0.16666666666666666,0.3684210526315789,0.22950819672131145,7.0
MA-3_21,MA-3,21,regulatory,crp,1.078164446571393e-22,2.9649522280713303e-20,0.4715447154471545,0.12340425531914892,0.19561551433389546,58.0
MA-3_22,MA-3,22,uncharacterized,,,,,,,
MA-3_23,MA-3,23,uncharacterized,,,,,,,
MA-3_24,MA-3,24,regulatory,gcvB,1.238806866596029e-09,3.40671888313908e-07,0.10071942446043164,0.27450980392156865,0.1473684210526316,14.0
MA-3_25,MA-3,25,uncharacterized,,,,,,,
MA-3_26,MA-3,26,uncharacterized,,,,,,,
MA-3_27,MA-3,27,regulatory,fliZ,1.9507178363115887e-26,5.364474049856869e-24,0.52,0.6842105263157895,0.5909090909090909,13.0
MA-3_28,MA-3,28,regulatory,zur,2.8731722383044185e-15,7.901223655337151e-13,0.7142857142857143,1.0,0.8333333333333333,5.0
MA-3_29,MA-3,29,regulatory,ydeO,2.432143818666529e-13,6.688395501332953e-11,0.27586206896551724,0.42105263157894735,0.3333333333333333,8.0
MA-3_30,MA-3,30,regulatory,narL,5.491523908723217e-24,1.5101690748988849e-21,0.3333333333333333,0.2478632478632479,0.2843137254901961,29.0
MA-3_31,MA-3,31,regulatory,purR,1.4125631210076183e-24,3.8845485827709484e-22,0.5185185185185185,0.4666666666666667,0.4912280701754386,14.0
RNAseq-1_0,RNAseq-1,0,regulatory,zur,6.3209789242697e-14,1.7382692041741675e-11,0.4545454545454545,1.0,0.625,5.0
RNAseq-1_1,RNAseq-1,1,functional,CP4-44 prophage,8.635176652843056e-09,2.8755138253967382e-05,1.0,0.3333333333333333,0.5,3.0
RNAseq-1_2,RNAseq-1,2,uncharacterized,,,,,,,
RNAseq-1_3,RNAseq-1,3,functional,cellular response to nutrient levels,2.3911215350508785e-06,0.007962434711719427,0.5,0.6666666666666666,0.5714285714285715,2.0
RNAseq-1_4,RNAseq-1,4,regulatory,UTP,7.116153923068305e-24,1.9569423288437838e-21,0.8888888888888888,1.0,0.9411764705882352,8.0
RNAseq-1_5,RNAseq-1,5,regulatory,ygbI,8.209063538012624e-16,2.257492472953472e-13,0.8333333333333334,1.0,0.9090909090909092,5.0
RNAseq-1_6,RNAseq-1,6,regulatory,glcC,8.209063537997693e-16,2.257492472949365e-13,1.0,0.8333333333333334,0.9090909090909092,5.0
RNAseq-1_7,RNAseq-1,7,uncharacterized,,,,,,,
RNAseq-1_8,RNAseq-1,8,regulatory,dksA,1.936179828037237e-16,5.0343191801454763e-14,0.75,0.1111111111111111,0.19354838709677416,12.0
RNAseq-1_9,RNAseq-1,9,regulatory,mqsA,7.424277063740816e-12,1.5312571443962784e-09,1.0,0.5,0.6666666666666666,4.0
RNAseq-1_10,RNAseq-1,10,regulatory,malT,1.1019364349969347e-19,3.0303251962415705e-17,0.875,0.7777777777777778,0.823529411764706,7.0
RNAseq-1_11,RNAseq-1,11,regulatory,cra,1.6763543393587228e-12,4.609974433236487e-10,0.7272727272727273,0.1095890410958904,0.19047619047619047,8.0
RNAseq-1_12,RNAseq-1,12,uncharacterized,,,,,,,
RNAseq-1_13,RNAseq-1,13,regulatory,gcvA,4.111988882298097e-10,1.1307969426319767e-07,1.0,0.75,0.8571428571428571,3.0
RNAseq-1_14,RNAseq-1,14,regulatory,soxS,5.10072285732565e-23,1.4026987857645537e-20,0.4411764705882353,0.3947368421052632,0.4166666666666666,15.0
RNAseq-1_15,RNAseq-1,15,uncharacterized,,,,,,,
RNAseq-1_16,RNAseq-1,16,regulatory,fur,1.3511989868469178e-47,3.715797213829024e-45,0.8095238095238095,0.3063063063063063,0.4444444444444444,34.0
RNAseq-1_17,RNAseq-1,17,regulatory,argR,1.3193862784665913e-20,3.628312265783126e-18,0.9090909090909092,0.2777777777777778,0.4255319148936171,10.0
RNAseq-1_18,RNAseq-1,18,regulatory,prpR,2.6509802518758067e-12,7.29019569265847e-10,0.8,0.8,0.8000000000000002,4.0
RNAseq-1_19,RNAseq-1,19,regulatory,gadX,1.7553772689710238e-18,4.827287489670315e-16,1.0,0.2962962962962963,0.4571428571428571,8.0
RNAseq-1_20,RNAseq-1,20,regulatory,puuR,0.0,0.0,1.0,1.0,1.0,6.0
RNAseq-1_21,RNAseq-1,21,uncharacterized,,,,,,,
RNAseq-1_22,RNAseq-1,22,regulatory,narL,1.6663538439193784e-38,4.58247307077829e-36,0.9615384615384616,0.21367521367521367,0.34965034965034963,25.0
RNAseq-1_23,RNAseq-1,23,regulatory,fadR,9.141831829604412e-22,2.5140037531412127e-19,1.0,0.4090909090909091,0.5806451612903226,9.0
RNAseq-1_24,RNAseq-1,24,regulatory,lrp,4.262009551236812e-27,1.172052626590123e-24,0.59375,0.2878787878787879,0.3877551020408164,19.0
RNAseq-1_25,RNAseq-1,25,regulatory,ryhB,2.229702391188737e-09,6.131681575769027e-07,0.35294117647058826,0.1875,0.24489795918367346,6.0
RNAseq-1_26,RNAseq-1,26,regulatory,fliA,4.83481396747736e-44,1.329573841056274e-41,0.96,0.3692307692307693,0.5333333333333334,24.0
RNAseq-1_27,RNAseq-1,27,regulatory,crp,3.0734449194704185e-08,8.451973528543652e-06,0.475,0.04042553191489362,0.07450980392156863,19.0
RNAseq-1_28,RNAseq-1,28,functional,isochorismate synthase activity,3.986573221372047e-07,0.0013275288827168915,0.6666666666666666,1.0,0.8,2.0
RNAseq-1_29,RNAseq-1,29,regulatory,csqR,1.8378496702203832e-26,5.054086593106053e-24,1.0,0.9,0.9473684210526316,9.0
RNAseq-1_30,RNAseq-1,30,regulatory,dhaR,1.4380824672468505e-08,3.954726784928839e-06,0.42857142857142855,0.75,0.5454545454545454,3.0
RNAseq-1_31,RNAseq-1,31,uncharacterized,,,,,,,
RNAseq-1_32,RNAseq-1,32,regulatory,yieP,4.0184056405206804e-10,1.1050615511431868e-07,0.625,0.2,0.30303030303030304,5.0
RNAseq-1_33,RNAseq-1,33,regulatory,gadW,1.4340758969187795e-27,3.9437087165266437e-25,0.7333333333333333,0.8461538461538461,0.7857142857142856,11.0
RNAseq-1_34,RNAseq-1,34,regulatory,yiaJ,5.222512625217575e-29,1.4361909719348338e-26,1.0,0.9090909090909092,0.9523809523809524,10.0
RNAseq-1_35,RNAseq-1,35,functional,hyperosmotic response,5.75678443522022e-09,1.9170092169283332e-05,1.0,0.375,0.5454545454545454,3.0
RNAseq-1_36,RNAseq-1,36,functional,lipopolysaccharide core region biosynthetic process,4.046961969202082e-11,1.3476383357442935e-07,0.14516129032258066,0.375,0.2093023255813954,9.0
RNAseq-1_37,RNAseq-1,37,regulatory,arcA,2.46069470620739e-13,6.766910442070323e-11,0.4324324324324325,0.09876543209876544,0.16080402010050251,16.0
RNAseq-1_38,RNAseq-1,38,functional,e14 prophage,7.197175162408112e-18,2.3966593290819012e-14,0.8,0.3809523809523809,0.5161290322580645,8.0
RNAseq-1_39,RNAseq-1,39,functional,cytosolic large ribosomal subunit,7.051106012448823e-07,0.0023480183021454587,0.14634146341463414,0.1875,0.16438356164383558,6.0
RNAseq-1_40,RNAseq-1,40,regulatory,cdaR,0.0,0.0,1.0,1.0,1.0,7.0
RNAseq-1_41,RNAseq-1,41,regulatory,rpoH,5.5470678514767477e-17,1.5254436591561057e-14,1.0,0.08208955223880597,0.1517241379310345,11.0
RNAseq-1_42,RNAseq-1,42,uncharacterized,,,,,,,
RNAseq-1_43,RNAseq-1,43,regulatory,lrp,1.3294829956284995e-10,3.6560782379783735e-08,0.8571428571428571,0.09090909090909093,0.1643835616438356,6.0
RNAseq-1_44,RNAseq-1,44,regulatory,ntrC,2.138265031823416e-45,5.880228837514394e-43,0.6341463414634146,0.6190476190476191,0.6265060240963854,26.0
RNAseq-1_45,RNAseq-1,45,regulatory,nac,8.90626233337948e-23,2.449222141679357e-20,0.4444444444444444,0.6,0.5106382978723405,12.0
RNAseq-1_46,RNAseq-1,46,regulatory,cysB,4.510412387453151e-28,1.2403634065496164e-25,0.7368421052631579,0.4827586206896552,0.5833333333333334,14.0
RNAseq-1_47,RNAseq-1,47,regulatory,nagC,3.013796971542285e-15,8.287941671741286e-13,0.7272727272727273,0.22857142857142854,0.3478260869565217,8.0
RNAseq-1_48,RNAseq-1,48,regulatory,fecI,8.209063538012624e-16,2.257492472953472e-13,0.8333333333333334,1.0,0.9090909090909092,5.0
RNAseq-1_49,RNAseq-1,49,uncharacterized,,,,,,,
RNAseq-1_50,RNAseq-1,50,uncharacterized,,,,,,,
RNAseq-1_51,RNAseq-1,51,functional,enterobactin biosynthetic process,1.2968360594641962e-10,4.318464078015773e-07,0.5714285714285714,0.5714285714285714,0.5714285714285714,4.0
RNAseq-1_52,RNAseq-1,52,functional,e14 prophage,4.381387062022824e-08,0.00014590018916536002,0.5,0.19047619047619047,0.27586206896551724,4.0
RNAseq-1_53,RNAseq-1,53,regulatory,cbl,1.0378196509438943e-17,2.8540040400957092e-15,0.8571428571428571,0.8571428571428571,0.8571428571428571,6.0
RNAseq-1_54,RNAseq-1,54,regulatory,TPP,1.8378496702203832e-26,5.054086593106053e-24,1.0,0.9,0.9473684210526316,9.0
RNAseq-1_55,RNAseq-1,55,regulatory,cpxR,1.802808995724928e-11,4.957724738243552e-09,0.5333333333333333,0.12698412698412698,0.2051282051282051,8.0
RNAseq-1_56,RNAseq-1,56,regulatory,xylR,1.3684060917146355e-15,3.7631167522152476e-13,0.5,0.8571428571428571,0.631578947368421,6.0
RNAseq-1_57,RNAseq-1,57,regulatory,his-tRNA,7.116153923068305e-24,1.9569423288437838e-21,0.8888888888888888,1.0,0.9411764705882352,8.0
RNAseq-1_58,RNAseq-1,58,regulatory,glpR,0.0,0.0,1.0,1.0,1.0,8.0
RNAseq-1_59,RNAseq-1,59,regulatory,purR,1.4012323074385455e-19,3.8533888454559995e-17,0.7142857142857143,0.3333333333333333,0.4545454545454545,10.0
RNAseq-1_60,RNAseq-1,60,regulatory,araC,4.108597889494838e-14,1.1298644196110805e-11,0.3888888888888889,0.5,0.4375000000000001,7.0
RNAseq-1_61,RNAseq-1,61,regulatory,oxyR,1.5597877447266512e-13,4.289416297998291e-11,1.0,0.1935483870967742,0.3243243243243243,6.0
RNAseq-1_62,RNAseq-1,62,functional,lipopolysaccharide core region biosynthetic process,8.099529937853819e-11,2.6971434693053217e-07,0.2692307692307692,0.2916666666666667,0.28,7.0
RNAseq-1_63,RNAseq-1,63,regulatory,cusR,5.4663565178677245e-15,7.51624021206812e-13,0.75,0.5,0.6,6.0
RNAseq-1_64,RNAseq-1,64,regulatory,rpoS,2.714013816163693e-19,7.463537994450156e-17,0.4111111111111111,0.12585034013605442,0.1927083333333333,37.0
RNAseq-1_65,RNAseq-1,65,regulatory,flhD;flhC,2.4708006849751435e-66,6.794701883681646e-64,0.9736842105263158,0.4743589743589744,0.6379310344827586,37.0
RNAseq-1_66,RNAseq-1,66,regulatory,rcsA;rcsB,3.1400545727184947e-13,8.635150074975859e-11,0.3043478260869565,0.5,0.3783783783783784,7.0
RNAseq-1_67,RNAseq-1,67,regulatory,fucR,4.445349196273487e-15,1.2224710289752088e-12,0.42857142857142855,0.8571428571428571,0.5714285714285714,6.0
RNAseq-1_68,RNAseq-1,68,uncharacterized,,,,,,,
RNAseq-1_69,RNAseq-1,69,regulatory,mhpR,1.585939973852841e-09,4.361334928095312e-07,0.2857142857142857,0.6666666666666666,0.4,4.0
RNAseq-1_70,RNAseq-1,70,regulatory,evgA,1.2480177065930595e-23,3.4320486931309136e-21,0.5789473684210527,0.6470588235294118,0.6111111111111113,11.0
RNAseq-1_71,RNAseq-1,71,regulatory,gntR,8.066421836947632e-22,2.2182660051605985e-19,0.6428571428571429,0.75,0.6923076923076924,9.0
RNAseq-1_72,RNAseq-1,72,regulatory,nikR,8.209063537997693e-16,2.257492472949365e-13,1.0,0.8333333333333334,0.9090909090909092,5.0
RNAseq-1_73,RNAseq-1,73,regulatory,metJ,3.1307486206987427e-25,8.609558706921542e-23,0.7142857142857143,0.8333333333333334,0.7692307692307692,10.0
RNAseq-1_74,RNAseq-1,74,regulatory,fur,3.7019209963636334e-20,1.0180282739999992e-17,0.75,0.13513513513513514,0.2290076335877863,15.0
RNAseq-1_75,RNAseq-1,75,regulatory,fnr,7.08542725168445e-11,1.948492494213224e-08,0.5,0.057347670250896064,0.10289389067524116,16.0
RNAseq-1_76,RNAseq-1,76,regulatory,gatR,1.1722542732282016e-12,3.2236992513775537e-10,0.2777777777777778,1.0,0.4347826086956522,5.0
RNAseq-1_77,RNAseq-1,77,regulatory,trpR,1.8284200598231393e-09,5.028155164513635e-07,0.5714285714285714,0.3333333333333333,0.4210526315789474,4.0
RNAseq-1_78,RNAseq-1,78,uncharacterized,,,,,,,
RNAseq-1_79,RNAseq-1,79,uncharacterized,,,,,,,
RNAseq-1_80,RNAseq-1,80,functional,transcriptional attenuation,2.2615938852714198e-08,7.53110763795383e-05,0.25,1.0,0.4,3.0
RNAseq-1_81,RNAseq-1,81,regulatory,narP,3.834554790419483e-12,1.054502567365358e-09,0.7,0.14285714285714285,0.23728813559322035,7.0
RNAseq-1_82,RNAseq-1,82,regulatory,narL,2.1124922024491067e-09,5.809353556735042e-07,0.7,0.059829059829059825,0.11023622047244094,7.0
RNAseq-1_83,RNAseq-1,83,regulatory,trpR,1.6377290641519088e-14,2.370367096601161e-12,0.6666666666666666,0.5,0.5714285714285715,6.0
RNAseq-1_84,RNAseq-1,84,uncharacterized,,,,,,,
RNAseq-1_85,RNAseq-1,85,regulatory,atoC,5.303055045511234e-13,1.4583401375155897e-10,0.8,1.0,0.8888888888888891,4.0
RNAseq-1_86,RNAseq-1,86,uncharacterized,,,,,,,
RNAseq-1_87,RNAseq-1,87,regulatory,leu-tRNA,5.862742328038777e-21,1.6122541402106636e-18,0.7272727272727273,0.8,0.7619047619047621,8.0
RNAseq-1_88,RNAseq-1,88,regulatory,cecR,0.0,0.0,1.0,1.0,1.0,4.0
RNAseq-1_89,RNAseq-1,89,regulatory,gutM,1.590916513657685e-12,2.187510206279317e-10,1.0,0.6666666666666666,0.8,4.0
RNAseq-1_90,RNAseq-1,90,uncharacterized,,,,,,,
RNAseq-2_0,RNAseq-2,0,regulatory,crp,4.0720130649118266e-15,1.1198035928507525e-12,0.4805194805194805,0.07872340425531915,0.13528336380255945,37.0
RNAseq-2_1,RNAseq-2,1,regulatory,arcA,7.101213205515685e-09,1.952833631516813e-06,0.28,0.08641975308641975,0.1320754716981132,14.0
RNAseq-2_2,RNAseq-2,2,regulatory,rob,5.919552974920431e-19,1.6278770681031183e-16,0.23214285714285715,0.5416666666666666,0.325,13.0
RNAseq-2_3,RNAseq-2,3,regulatory,nikR,4.924378888788112e-15,1.3542041944167308e-12,0.8333333333333334,0.8333333333333334,0.8333333333333334,5.0
RNAseq-2_4,RNAseq-2,4,uncharacterized,,,,,,,
RNAseq-2_5,RNAseq-2,5,regulatory,argR,3.1500389968656323e-22,8.66260724138049e-20,0.7058823529411765,0.3333333333333333,0.4528301886792453,12.0
RNAseq-2_6,RNAseq-2,6,regulatory,cusR,8.983593647169121e-14,1.2352441264857542e-11,0.5454545454545454,0.5,0.5217391304347826,6.0
RNAseq-2_7,RNAseq-2,7,regulatory,narL,4.957253713120103e-38,1.3632447711080286e-35,0.8,0.2393162393162393,0.3684210526315789,28.0
RNAseq-2_8,RNAseq-2,8,uncharacterized,,,,,,,
RNAseq-2_9,RNAseq-2,9,regulatory,his-tRNA,1.6069008141535947e-13,4.4189772389223855e-11,0.7142857142857143,0.625,0.6666666666666666,5.0
RNAseq-2_10,RNAseq-2,10,regulatory,cbl,6.843546306046562e-16,1.8819752341628048e-13,0.5454545454545454,0.8571428571428571,0.6666666666666665,6.0
RNAseq-2_11,RNAseq-2,11,regulatory,lrp,3.362969940281855e-11,9.2481673357751e-09,0.3225806451612903,0.15151515151515152,0.20618556701030927,10.0
RNAseq-2_12,RNAseq-2,12,regulatory,tyrR,6.040771631740669e-12,1.6612121987286844e-09,0.625,0.4166666666666667,0.5,5.0
RNAseq-2_13,RNAseq-2,13,functional,leucine biosynthetic process,2.685275004103865e-08,8.941965763665872e-05,0.18181818181818185,0.5714285714285714,0.27586206896551724,4.0
RNAseq-2_14,RNAseq-2,14,regulatory,fhlA,1.0414009436147603e-21,2.863852594940591e-19,0.9090909090909092,0.3448275862068966,0.5000000000000001,10.0
RNAseq-2_15,RNAseq-2,15,functional,L-lactate dehydrogenase activity,1.4935789382903486e-07,0.000497361786450686,0.21428571428571427,0.75,0.3333333333333333,3.0
RNAseq-2_16,RNAseq-2,16,regulatory,fur,3.1142898735276093e-13,8.564297152200925e-11,0.3409090909090909,0.13513513513513514,0.1935483870967742,15.0
RNAseq-2_17,RNAseq-2,17,regulatory,ntrC,2.1253676249914286e-17,5.844760968726429e-15,0.4137931034482759,0.2857142857142857,0.3380281690140845,12.0
RNAseq-2_18,RNAseq-2,18,regulatory,rcsA;rcsB,1.4245528529550557e-12,3.9175203456264033e-10,0.1568627450980392,0.5714285714285714,0.2461538461538461,8.0
RNAseq-2_19,RNAseq-2,19,uncharacterized,,,,,,,
RNAseq-2_20,RNAseq-2,20,uncharacterized,,,,,,,
RNAseq-2_21,RNAseq-2,21,regulatory,fis,2.6131921463470208e-21,7.186278402454307e-19,0.9375,0.10416666666666667,0.1875,15.0
RNAseq-2_22,RNAseq-2,22,regulatory,cysB,1.7571119123116646e-09,4.832057758857078e-07,0.3333333333333333,0.20689655172413796,0.2553191489361702,6.0
RNAseq-2_23,RNAseq-2,23,regulatory,appY,8.853353071192204e-14,2.434672094577856e-11,0.4,0.6666666666666666,0.5,6.0
RNAseq-2_24,RNAseq-2,24,regulatory,flhD;flhC,6.79340943411202e-30,1.868187594380805e-27,0.7407407407407407,0.2564102564102564,0.3809523809523809,20.0
RNAseq-2_25,RNAseq-2,25,regulatory,cysB,5.6426884379853126e-36,1.5517393204459612e-33,0.5,0.6896551724137931,0.5797101449275363,20.0
RNAseq-2_26,RNAseq-2,26,regulatory,trpR,1.1688751474663613e-18,3.214406655532493e-16,0.5714285714285714,0.6666666666666666,0.6153846153846153,8.0
RNAseq-2_27,RNAseq-2,27,regulatory,soxS,1.8584908180947557e-31,5.110849749760579e-29,0.3962264150943397,0.5526315789473685,0.4615384615384616,21.0
RNAseq-2_28,RNAseq-2,28,uncharacterized,,,,,,,
RNAseq-2_29,RNAseq-2,29,regulatory,pspF,1.7807702726724752e-08,4.897118249849307e-06,0.2,0.5714285714285714,0.29629629629629634,4.0
RNAseq-2_30,RNAseq-2,30,regulatory,rpoH,8.394087516035002e-22,2.308374066909626e-19,0.9375,0.11194029850746268,0.2,15.0
RNAseq-2_31,RNAseq-2,31,regulatory,dksA,1.541273879802679e-45,4.238503169457367e-43,0.8205128205128205,0.2962962962962963,0.4353741496598639,32.0
RNAseq-2_32,RNAseq-2,32,regulatory,cpxR,1.5951697856425274e-08,4.386716910516951e-06,0.20930232558139536,0.14285714285714285,0.169811320754717,9.0
RNAseq-2_33,RNAseq-2,33,uncharacterized,,,,,,,
RNAseq-2_34,RNAseq-2,34,regulatory,malT,2.3342668766503425e-15,6.419233910788443e-13,0.3181818181818182,0.7777777777777778,0.4516129032258064,7.0
RNAseq-2_35,RNAseq-2,35,regulatory,zur,4.108636300775324e-13,1.1298749827132141e-10,0.3333333333333333,1.0,0.5,5.0
RNAseq-2_36,RNAseq-2,36,regulatory,torR,2.2615938852645105e-08,6.219383184477402e-06,1.0,0.25,0.4,3.0
RNAseq-2_37,RNAseq-2,37,regulatory,UTP,1.0096517788545318e-18,2.776542391849962e-16,0.6363636363636364,0.875,0.7368421052631579,7.0
RNAseq-2_38,RNAseq-2,38,functional,L-glutamine transmembrane transporter activity,5.979859832058073e-06,0.006637644413584461,0.2,1.0,0.33333333333333337,2.0
RNAseq-2_39,RNAseq-2,39,regulatory,gadX,3.367111347046588e-30,9.259556204378116e-28,0.3829787234042553,0.6666666666666666,0.4864864864864865,18.0
RNAseq-2_40,RNAseq-2,40,regulatory,dpiA,2.1061074076524443e-10,5.791795371044222e-08,0.29411764705882354,0.5,0.3703703703703704,5.0
RNAseq-2_41,RNAseq-2,41,regulatory,purR,3.4102990041130137e-10,6.17789578328618e-08,0.28,0.2333333333333333,0.2545454545454545,7.0
RNAseq-2_42,RNAseq-2,42,regulatory,ypdB,0.0,0.0,1.0,1.0,1.0,1.0
RNAseq-2_43,RNAseq-2,43,regulatory,metJ,8.492008015926495e-11,2.335302204379786e-08,0.4166666666666667,0.4166666666666667,0.4166666666666667,5.0
RNAseq-2_44,RNAseq-2,44,regulatory,rpoS,1.2609685155216855e-20,3.4676634176846354e-18,0.3207547169811321,0.17346938775510204,0.22516556291390727,51.0
RNAseq-2_45,RNAseq-2,45,regulatory,fur,1.3515936783866204e-61,3.7168826155632066e-59,0.8269230769230769,0.38738738738738737,0.5276073619631901,43.0
RNAseq-2_46,RNAseq-2,46,uncharacterized,,,,,,,
RNAseq-2_47,RNAseq-2,47,regulatory,arcA,2.543645659104568e-13,6.995025562537561e-11,0.3953488372093023,0.10493827160493828,0.16585365853658535,17.0
RNAseq-2_48,RNAseq-2,48,uncharacterized,,,,,,,
RNAseq-2_49,RNAseq-2,49,regulatory,oxyR,1.899751823172489e-08,5.224317513724347e-06,0.25,0.1935483870967742,0.21818181818181814,6.0
RNAseq-2_50,RNAseq-2,50,regulatory,tdcA,1.3684060917146355e-15,1.8815583761076238e-13,0.5,0.8571428571428571,0.631578947368421,6.0
RNAseq-2_51,RNAseq-2,51,uncharacterized,,,,,,,
combined_0,combined,0,regulatory,lrp,9.863467688454631e-16,2.7124536143250235e-13,0.5789473684210527,0.16666666666666666,0.2588235294117647,11.0
combined_1,combined,1,regulatory,tdcA,0.0,0.0,1.0,1.0,1.0,7.0
combined_2,combined,2,functional,Rac prophage,1.1452621769257647e-06,0.003813723049162797,0.06930693069306931,0.3043478260869565,0.1129032258064516,7.0
combined_3,combined,3,regulatory,purR,1.4596608021057678e-28,4.0140672057908623e-26,0.6521739130434783,0.5,0.5660377358490566,15.0
combined_4,combined,4,regulatory,yiaJ,5.743414401236098e-28,1.5794389603399264e-25,0.9090909090909092,0.9090909090909092,0.9090909090909092,10.0
combined_5,combined,5,regulatory,fliA,6.049771291430609e-50,1.6636871051434175e-47,0.9642857142857144,0.4153846153846154,0.5806451612903226,27.0
combined_6,combined,6,uncharacterized,,,,,,,
combined_7,combined,7,regulatory,nadR,4.111988882298097e-10,1.1307969426319767e-07,1.0,0.75,0.8571428571428571,3.0
combined_8,combined,8,regulatory,nrdR,1.7795131282343888e-17,4.893661102644571e-15,1.0,0.6666666666666666,0.8,6.0
combined_9,combined,9,uncharacterized,,,,,,,
combined_10,combined,10,regulatory,fur,3.3298382143366876e-49,9.157055089425891e-47,0.813953488372093,0.3153153153153153,0.4545454545454545,35.0
combined_11,combined,11,uncharacterized,,,,,,,
combined_12,combined,12,regulatory,ntrC,1.1638646102892514e-10,3.200627678295441e-08,1.0,0.11904761904761905,0.21276595744680848,5.0
combined_13,combined,13,uncharacterized,,,,,,,
combined_14,combined,14,regulatory,nagC,1.5512952805668255e-23,4.266062021558769e-21,0.65,0.37142857142857133,0.4727272727272728,13.0
combined_15,combined,15,regulatory,cysB,2.1294933187968917e-14,5.856106626691452e-12,0.7777777777777778,0.2413793103448276,0.368421052631579,7.0
combined_16,combined,16,regulatory,gntR,7.849050004017746e-10,2.15848875110488e-07,0.6666666666666666,0.3333333333333333,0.4444444444444444,4.0
combined_17,combined,17,regulatory,gadW,4.568737437633905e-20,1.1794243767721054e-17,0.8,0.6153846153846154,0.6956521739130435,8.0
combined_18,combined,18,regulatory,ygbI,1.723903342982663e-14,4.7407341932023236e-12,0.5555555555555556,1.0,0.7142857142857143,5.0
combined_19,combined,19,regulatory,dpiA,2.0664596201646022e-13,5.682763955452657e-11,0.8333333333333334,0.5,0.625,5.0
combined_20,combined,20,regulatory,ile-tRNA,3.0623182382379825e-21,8.421375155154451e-19,1.0,0.875,0.9333333333333332,7.0
combined_21,combined,21,uncharacterized,,,,,,,
combined_22,combined,22,functional,menaquinone biosynthetic process,1.2302578086913188e-07,0.0004096758502942092,0.6,0.3,0.4,3.0
combined_23,combined,23,functional,CP4-44 prophage,8.635176652843056e-09,2.8755138253967382e-05,1.0,0.3333333333333333,0.5,3.0
combined_24,combined,24,regulatory,fadR,1.8026916718151158e-18,4.957402097491568e-16,0.6428571428571429,0.4090909090909091,0.5000000000000001,9.0
combined_25,combined,25,regulatory,galR,2.0664596201646022e-13,2.8413819777263287e-11,0.8333333333333334,0.5,0.625,5.0
combined_26,combined,26,regulatory,araC,1.42047616125525e-23,3.906309443451937e-21,0.6666666666666666,0.7142857142857143,0.6896551724137929,10.0
combined_27,combined,27,uncharacterized,,,,,,,
combined_28,combined,28,regulatory,narP,2.339042449994764e-34,6.432366737485603e-32,1.0,0.3469387755102041,0.5151515151515151,17.0
combined_29,combined,29,regulatory,xylR,1.3684060917146355e-15,3.7631167522152476e-13,0.5,0.8571428571428571,0.631578947368421,6.0
combined_30,combined,30,regulatory,argR,2.866050338585803e-37,7.881638431110955e-35,0.9,0.5,0.6428571428571429,18.0
combined_31,combined,31,uncharacterized,,,,,,,
combined_32,combined,32,uncharacterized,,,,,,,
combined_33,combined,33,regulatory,cdaR,3.0623182382419867e-21,8.421375155165462e-19,0.875,1.0,0.9333333333333332,7.0
combined_34,combined,34,regulatory,arcA,8.659923693328896e-09,2.3814790156654462e-06,0.2542372881355932,0.0925925925925926,0.13574660633484165,15.0
combined_35,combined,35,uncharacterized,,,,,,,
combined_36,combined,36,regulatory,pdhR,5.848414383778028e-13,5.950808416555965e-11,1.0,0.15789473684210525,0.2727272727272727,6.0
combined_37,combined,37,regulatory,dhaR,1.644477369603838e-09,4.522312766410554e-07,0.75,0.75,0.75,3.0
combined_38,combined,38,uncharacterized,,,,,,,
combined_39,combined,39,uncharacterized,,,,,,,
combined_40,combined,40,regulatory,flhD;flhC,4.314535701834733e-38,1.1864973180045516e-35,0.8275862068965517,0.3076923076923077,0.44859813084112143,24.0
combined_41,combined,41,functional,formate dehydrogenase (quinone) activity,4.110397965794765e-09,6.843812613048285e-06,0.75,0.6,0.6666666666666665,3.0
combined_42,combined,42,regulatory,fliZ,1.5909165136634728e-12,4.37502041257455e-10,1.0,0.2631578947368421,0.4166666666666667,5.0
combined_43,combined,43,uncharacterized,,,,,,,
combined_44,combined,44,uncharacterized,,,,,,,
combined_45,combined,45,uncharacterized,,,,,,,
combined_46,combined,46,functional,sulfurtransferase complex,2.0806663744497045e-07,0.0006928619026917518,0.125,1.0,0.2222222222222222,3.0
combined_47,combined,47,regulatory,csqR,0.0,0.0,1.0,1.0,1.0,10.0
combined_48,combined,48,regulatory,narL,3.008163230510176e-12,8.272448883902983e-10,0.3939393939393939,0.1111111111111111,0.17333333333333334,13.0
combined_49,combined,49,regulatory,tyrR,1.368406091711232e-15,3.7631167522058883e-13,0.8571428571428571,0.5,0.631578947368421,6.0
combined_50,combined,50,functional,"proton-transporting ATP synthase activity, rotational mechanism",3.0623182382379825e-21,1.0197519733332482e-17,1.0,0.875,0.9333333333333332,7.0
combined_51,combined,51,regulatory,thr-tRNA,4.1119888823116536e-10,1.1307969426357048e-07,0.75,1.0,0.8571428571428571,3.0
combined_52,combined,52,functional,lipopolysaccharide core region biosynthetic process,2.4526241331968824e-14,8.167238363545619e-11,0.4444444444444444,0.3333333333333333,0.38095238095238104,8.0
combined_53,combined,53,uncharacterized,,,,,,,
combined_54,combined,54,regulatory,torR,2.2615938852645105e-08,6.219383184477402e-06,1.0,0.25,0.4,3.0
combined_55,combined,55,regulatory,dksA,9.198392046546284e-11,2.529557812800228e-08,0.25925925925925924,0.12962962962962962,0.1728395061728395,14.0
combined_56,combined,56,regulatory,cysB,2.7925820253221556e-19,7.679600569635928e-17,0.6666666666666666,0.3448275862068966,0.4545454545454545,10.0
combined_57,combined,57,regulatory,narL,1.3525643452071376e-16,3.719551949319628e-14,0.8,0.10256410256410256,0.18181818181818185,12.0
combined_58,combined,58,regulatory,fucR,1.8308045088722096e-14,5.034712399398577e-12,0.35294117647058826,0.8571428571428571,0.5,6.0
combined_59,combined,59,regulatory,galR,1.2346622809082985e-09,1.6976606362489107e-07,0.10909090909090907,0.6,0.1846153846153846,6.0
combined_60,combined,60,regulatory,gcvA,1.644477369603838e-09,4.522312766410554e-07,0.75,0.75,0.75,3.0
combined_61,combined,61,regulatory,fnr,3.4448397501306394e-14,9.473309312859256e-12,0.5121951219512195,0.07526881720430108,0.13124999999999998,21.0
combined_62,combined,62,uncharacterized,,,,,,,
combined_63,combined,63,regulatory,fur,5.386295231317613e-25,1.4812311886123437e-22,0.7307692307692307,0.17117117117117114,0.2773722627737226,19.0
combined_64,combined,64,functional,e14 prophage,2.040007191969228e-16,6.793223949257529e-13,0.6153846153846154,0.3809523809523809,0.4705882352941176,8.0
combined_65,combined,65,regulatory,ypdB,0.0,0.0,1.0,1.0,1.0,1.0
combined_66,combined,66,regulatory,malT,6.403068251088436e-23,1.76084376904932e-20,0.8888888888888888,0.8888888888888888,0.8888888888888888,8.0
combined_67,combined,67,regulatory,narP,3.1790230887206833e-15,8.742313493981879e-13,0.8888888888888888,0.16326530612244894,0.27586206896551724,8.0
combined_68,combined,68,regulatory,rpoE,2.2771233406484143e-11,6.262089186783139e-09,1.0,0.05833333333333333,0.11023622047244094,7.0
combined_69,combined,69,regulatory,cra,4.9540101255111745e-12,1.3623527845155733e-09,0.6666666666666666,0.1095890410958904,0.18823529411764706,8.0
combined_70,combined,70,functional,DNA polymerase V complex,1.3288577404573524e-07,0.00044250962757229833,1.0,1.0,1.0,2.0
combined_71,combined,71,uncharacterized,,,,,,,
combined_72,combined,72,regulatory,fur,1.1040246014114595e-19,3.0360676538815145e-17,0.64,0.14414414414414414,0.2352941176470588,16.0
combined_73,combined,73,regulatory,torR,2.2615938852645105e-08,6.219383184477402e-06,1.0,0.25,0.4,3.0
combined_74,combined,74,regulatory,bluR,0.0,0.0,1.0,1.0,1.0,4.0
combined_75,combined,75,regulatory,oxyR,1.5597877447266512e-13,2.6396407987736952e-11,1.0,0.1935483870967742,0.3243243243243243,6.0
combined_76,combined,76,regulatory,soxS,1.0061504036420884e-22,2.7669136100157433e-20,0.3555555555555556,0.42105263157894735,0.3855421686746988,16.0
combined_77,combined,77,uncharacterized,,,,,,,
combined_78,combined,78,regulatory,trpR,3.913884657687169e-22,1.0763182808639713e-19,1.0,0.6666666666666666,0.8,8.0
combined_79,combined,79,regulatory,puuR,0.0,0.0,1.0,1.0,1.0,6.0
combined_80,combined,80,regulatory,lrp,1.9248139341801013e-11,5.293238318995279e-09,1.0,0.09090909090909093,0.16666666666666669,6.0
combined_81,combined,81,regulatory,fadR,8.618462511276546e-09,2.3700771906010504e-06,0.2,0.2727272727272727,0.23076923076923075,6.0
combined_82,combined,82,uncharacterized,,,,,,,
combined_83,combined,83,regulatory,fecI,8.209063538012624e-16,2.257492472953472e-13,0.8333333333333334,1.0,0.9090909090909092,5.0
combined_84,combined,84,regulatory,appY,1.314062514205949e-24,3.6136719140663593e-22,0.6923076923076923,1.0,0.8181818181818181,9.0
combined_85,combined,85,uncharacterized,,,,,,,
combined_86,combined,86,functional,e14 prophage,1.2302545063556566e-29,4.096747506164337e-26,1.0,0.5714285714285714,0.7272727272727273,12.0
combined_87,combined,87,regulatory,his-tRNA,7.116153923068305e-24,1.9569423288437838e-21,0.8888888888888888,1.0,0.9411764705882352,8.0
combined_88,combined,88,uncharacterized,,,,,,,
combined_89,combined,89,regulatory,rpoS,2.841094351666951e-23,7.813009467084115e-21,0.4651162790697674,0.1360544217687075,0.2105263157894737,40.0
combined_90,combined,90,uncharacterized,,,,,,,
combined_91,combined,91,regulatory,cusR,1.6377290641519088e-14,2.2518774632088744e-12,0.6666666666666666,0.5,0.5714285714285715,6.0
combined_92,combined,92,regulatory,gadW,1.1180428481094037e-15,3.039177682257787e-13,0.5384615384615384,0.5384615384615384,0.5384615384615384,7.0
combined_93,combined,93,regulatory,rcsA;rcsB,1.3481299168821716e-14,3.707357271425971e-12,0.26666666666666666,0.5714285714285714,0.3636363636363637,8.0
combined_94,combined,94,regulatory,narL,1.1708614824771447e-17,3.219869076812148e-15,1.0,0.09401709401709403,0.17187499999999994,11.0
combined_95,combined,95,functional,DLP12 prophage,5.813144990905997e-10,1.9357772819716974e-06,0.14285714285714285,0.4117647058823529,0.21212121212121207,7.0
combined_96,combined,96,regulatory,ntrC,1.1871419024886283e-08,3.2646402318437282e-06,1.0,0.09523809523809523,0.17391304347826084,4.0
combined_97,combined,97,regulatory,gntR,8.066421836947632e-22,2.2182660051605985e-19,0.6428571428571429,0.75,0.6923076923076924,9.0
combined_98,combined,98,regulatory,leu-tRNA,3.447806685960138e-14,9.48146838639038e-12,1.0,0.5,0.6666666666666666,5.0
combined_99,combined,99,regulatory,mraZ,8.925564207803153e-23,2.454530157145868e-20,0.175,0.875,0.29166666666666663,14.0
combined_100,combined,100,functional,asparagine biosynthetic process,1.3288577404573536e-06,0.0022125481378614943,0.4,1.0,0.5714285714285715,2.0
combined_101,combined,101,regulatory,arcA,3.0720042971057174e-11,8.44801181704072e-09,0.6666666666666666,0.061728395061728385,0.11299435028248588,10.0
combined_102,combined,102,regulatory,iscR,8.616952743043635e-11,1.1848310021684996e-08,0.5454545454545454,0.1875,0.2790697674418605,6.0
combined_103,combined,103,regulatory,flhD;flhC,4.142433612139053e-36,1.1391692433382393e-33,0.88,0.28205128205128205,0.4271844660194175,22.0
combined_104,combined,104,regulatory,rbsR,1.2448323638504869e-16,3.4232890005888386e-14,0.8571428571428571,0.6666666666666666,0.75,6.0
combined_105,combined,105,regulatory,glpR,0.0,0.0,1.0,1.0,1.0,8.0
combined_106,combined,106,regulatory,nikR,8.209063537997693e-16,2.257492472949365e-13,1.0,0.8333333333333334,0.9090909090909092,5.0
combined_107,combined,107,uncharacterized,,,,,,,
combined_108,combined,108,regulatory,lexA,1.406684848570204e-34,3.8683833335680616e-32,0.6470588235294118,0.3928571428571429,0.4888888888888888,22.0
combined_109,combined,109,regulatory,zur,6.3209789242697e-14,1.7382692041741675e-11,0.4545454545454545,1.0,0.625,5.0
combined_110,combined,110,uncharacterized,,,,,,,
combined_111,combined,111,functional,heme transport,3.613970791409163e-13,1.2034522735392515e-09,0.7142857142857143,0.5555555555555556,0.6250000000000001,5.0
combined_112,combined,112,regulatory,rpoH,1.6953901187280133e-48,4.662322826502037e-46,0.9189189189189191,0.2537313432835821,0.3976608187134503,34.0
combined_113,combined,113,functional,ferric-enterobactin transport,4.6683282841276037e-07,0.0015545533186144922,0.125,0.4444444444444444,0.1951219512195122,4.0
combined_114,combined,114,regulatory,birA,4.1119888823116536e-10,1.1307969426357048e-07,0.75,1.0,0.8571428571428571,3.0
combined_115,combined,115,uncharacterized,,,,,,,
combined_116,combined,116,regulatory,dksA,7.543440050381426e-60,2.0744460138548926e-57,0.8076923076923077,0.3888888888888889,0.525,42.0
combined_117,combined,117,functional,hyperosmotic response,2.3004864909580808e-08,7.660620014890409e-05,0.75,0.375,0.5,3.0
combined_118,combined,118,regulatory,mazE,1.233596664693499e-08,1.6961954139535613e-06,0.3,1.0,0.4615384615384615,3.0
combined_119,combined,119,regulatory,gadX,1.7553772689710238e-18,4.827287489670315e-16,1.0,0.2962962962962963,0.4571428571428571,8.0
combined_120,combined,120,regulatory,cysB,1.0109705758010179e-30,2.7801690834528e-28,0.53125,0.5862068965517241,0.5573770491803278,17.0
combined_121,combined,121,uncharacterized,,,,,,,
combined_122,combined,122,regulatory,arcA,3.1463357232416152e-12,8.652423238914441e-10,0.7692307692307693,0.061728395061728385,0.1142857142857143,10.0
combined_123,combined,123,regulatory,UTP,1.0176100109987835e-21,2.798427530246655e-19,0.6153846153846154,1.0,0.7619047619047621,8.0
combined_124,combined,124,uncharacterized,,,,,,,
combined_125,combined,125,regulatory,gutM,8.209063537997693e-16,1.1287462364746825e-13,1.0,0.8333333333333334,0.9090909090909092,5.0
combined_126,combined,126,regulatory,nrdR,1.0557799011618416e-10,2.903394728195064e-08,0.29411764705882354,0.5555555555555556,0.3846153846153846,5.0
combined_127,combined,127,regulatory,glcC,8.209063537997693e-16,2.257492472949365e-13,1.0,0.8333333333333334,0.9090909090909092,5.0
combined_128,combined,128,regulatory,gatR,1.08359638701767e-13,2.979890064298592e-11,0.4166666666666667,1.0,0.5882352941176471,5.0
combined_129,combined,129,uncharacterized,,,,,,,
combined_130,combined,130,regulatory,evgA,7.243375234745621e-25,1.9919281895550457e-22,0.6875,0.6470588235294118,0.6666666666666667,11.0
combined_131,combined,131,regulatory,nac,2.80470461746717e-27,7.712937698034716e-25,0.4666666666666667,0.7,0.56,14.0
combined_132,combined,132,regulatory,narP,5.987695201729084e-10,1.646616180475498e-07,0.6,0.12244897959183673,0.20338983050847456,6.0
combined_133,combined,133,regulatory,phoP,8.539813578972922e-11,2.3484487342175536e-08,0.28125,0.1836734693877551,0.22222222222222224,9.0
combined_134,combined,134,regulatory,prpR,2.6509802518758067e-12,7.29019569265847e-10,0.8,0.8,0.8000000000000002,4.0
combined_135,combined,135,uncharacterized,,,,,,,
combined_136,combined,136,regulatory,betI,2.17160104113685e-09,5.971902863126337e-07,0.14285714285714285,1.0,0.25,4.0
combined_137,combined,137,functional,enterobactin biosynthetic process,1.2968360594641962e-10,4.318464078015773e-07,0.5714285714285714,0.5714285714285714,0.5714285714285714,4.0
combined_138,combined,138,uncharacterized,,,,,,,
combined_139,combined,139,uncharacterized,,,,,,,
combined_140,combined,140,regulatory,TPP,0.0,0.0,1.0,1.0,1.0,10.0
combined_141,combined,141,uncharacterized,,,,,,,
combined_142,combined,142,regulatory,allR,4.976023646095831e-16,1.3684065026763536e-13,0.6666666666666666,0.75,0.7058823529411765,6.0
combined_143,combined,143,regulatory,spermidine,0.0,0.0,1.0,1.0,1.0,5.0
combined_144,combined,144,regulatory,oxyR,8.008933073565139e-15,2.202456595230413e-12,0.875,0.2258064516129032,0.35897435897435903,7.0
combined_145,combined,145,regulatory,phoB,3.815246488386567e-12,1.049192784306306e-09,1.0,0.1176470588235294,0.21052631578947367,6.0
combined_146,combined,146,regulatory,atoC,7.424277063715705e-12,2.041676192521819e-09,0.5,1.0,0.6666666666666666,4.0
combined_147,combined,147,uncharacterized,,,,,,,
combined_148,combined,148,regulatory,cpxR,3.0287158766302583e-20,8.328968660733209e-18,0.4324324324324325,0.25396825396825395,0.32,16.0
combined_149,combined,149,regulatory,fhlA,9.509725464382612e-23,2.6151745027052182e-20,1.0,0.3448275862068966,0.5128205128205129,10.0
combined_150,combined,150,regulatory,narL,2.306445832407633e-11,6.34272603912099e-09,0.8,0.06837606837606837,0.12598425196850396,8.0
combined_151,combined,151,regulatory,lsrR,2.134037523066641e-20,5.868603188433264e-18,0.5714285714285714,0.8888888888888888,0.6956521739130435,8.0
combined_152,combined,152,regulatory,metJ,2.502243587642766e-24,6.881169866017607e-22,0.625,0.8333333333333334,0.7142857142857143,10.0
combined_153,combined,153,regulatory,yieP,4.0184056405206804e-10,1.1050615511431868e-07,0.625,0.2,0.30303030303030304,5.0
combined_154,combined,154,regulatory,lldR,0.0,0.0,1.0,1.0,1.0,3.0
combined_155,combined,155,regulatory,ntrC,9.489166147766324e-42,2.6095206906357395e-39,0.71875,0.5476190476190477,0.6216216216216217,23.0
combined_156,combined,156,regulatory,cra,8.22200172668386e-15,2.261050474838061e-12,0.6666666666666666,0.136986301369863,0.2272727272727273,10.0
combined_157,combined,157,uncharacterized,,,,,,,
combined_158,combined,158,regulatory,soxS,8.697837257341496e-40,2.391905245768912e-37,0.44642857142857145,0.6578947368421053,0.5319148936170213,25.0
combined_159,combined,159,functional,amyloid fibril formation,3.986573221372047e-07,0.0013275288827168915,0.6666666666666666,1.0,0.8,2.0
combined_160,combined,160,regulatory,mlc,4.662826215928056e-10,1.2822772093802154e-07,0.5714285714285714,0.4444444444444444,0.5,4.0
combined_161,combined,161,uncharacterized,,,,,,,
combined_162,combined,162,regulatory,cytR,9.147977598923299e-21,2.5156938397039073e-18,0.8888888888888888,0.6153846153846154,0.7272727272727274,8.0
combined_163,combined,163,functional,detoxification of copper ion,1.9932866106914397e-06,0.006637644413602493,1.0,0.3333333333333333,0.5,2.0
combined_164,combined,164,functional,enterobacterial common antigen biosynthetic process,2.669114381824246e-07,0.0008888150891474741,0.14285714285714285,0.4444444444444444,0.21621621621621626,4.0
combined_165,combined,165,uncharacterized,,,,,,,
combined_166,combined,166,uncharacterized,,,,,,,
combined_167,combined,167,regulatory,iclR,4.111988882298097e-10,1.1307969426319767e-07,1.0,0.75,0.8571428571428571,3.0
combined_168,combined,168,regulatory,nsrR,2.703219311786541e-09,7.433853107412988e-07,1.0,0.06493506493506493,0.12195121951219512,5.0
combined_169,combined,169,uncharacterized,,,,,,,
combined_170,combined,170,uncharacterized,,,,,,,
combined_171,combined,171,functional,nitrate reductase complex,4.110397965776133e-09,1.3687625226034524e-05,0.6,0.75,0.6666666666666665,3.0
combined_172,combined,172,regulatory,treR,0.0,0.0,1.0,1.0,1.0,2.0
combined_173,combined,173,regulatory,oxyR,1.0648923576727373e-08,2.9284539836000267e-06,0.2727272727272727,0.1935483870967742,0.22641509433962265,6.0
combined_174,combined,174,functional,cytosolic large ribosomal subunit,6.054185442217403e-07,0.002016043752258395,0.15,0.1875,0.16666666666666666,6.0
combined_175,combined,175,uncharacterized,,,,,,,
combined_176,combined,176,uncharacterized,,,,,,,
combined_177,combined,177,uncharacterized,,,,,,,
combined_178,combined,178,uncharacterized,,,,,,,
combined_179,combined,179,functional,acetate biosynthetic process,2.790601254960438e-06,0.009292702179018258,0.2857142857142857,1.0,0.4444444444444445,2.0
combined_180,combined,180,uncharacterized,,,,,,,
