,kan1__kan__1,kan1__kan__2,kan1__kan__3,kan4__kan__1,kan4__kan__2,kan4__kan__3,amp7__amp__1,amp7__amp__2,amp7__amp__3,wt__ctrl1__1,wt__ctrl1__2,wt__ctrl1__3,amp9__amp__1,amp9__amp__2,amp9__amp__3,chl2__chl__1,chl2__chl__2,chl2__chl__3,chl9__chl__1,chl9__chl__2,chl9__chl__3,cpr4__cpr__1,cpr4__cpr__2,cpr4__cpr__3,cpr9__cpr__1,cpr9__cpr__2,cpr9__cpr__3,dox2__dox__1,dox2__dox__2,dox2__dox__3,dox5__dox__1,dox5__dox__2,dox5__dox__3,ery2__ery__1,ery2__ery__2,ery2__ery__3,ery6__ery__1,ery6__ery__2,ery6__ery__3,fox1__fox__1,fox1__fox__2,fox1__fox__3,fox8__fox__1,fox8__fox__2,fox8__fox__3,trm6__trm__1,trm6__trm__2,trm6__trm__3,trm7__trm__1,trm7__trm__2,trm7__trm__3,nal6__nal__1,nal6__nal__2,nal6__nal__3,nal8__nal__1,nal8__nal__2,nal8__nal__3,nit6__nal__1,nit6__nal__2,nit6__nal__3,nit7__nal__1,nit7__nal__2,nit7__nal__3,tet1__tet__1,tet1__tet__2,tet1__tet__3,tet7__tet__1,tet7__tet__2,tet7__tet__3,tob8__tob__1,tob8__tob__2,tob8__tob__3,tob9__tob__1,tob9__tob__2,tob9__tob__3,wt__ctrl2__1,wt__ctrl2__2,wt__ctrl2__3,wt__ctrl3__1,wt__ctrl3__2,wt__ctrl3__3,wt__ctrl4__1,wt__ctrl4__2,wt__ctrl4__3
0,9.627196037319198,28.914571995854768,9.56522376542211,0.9607611718696544,0.08987789663541011,0.4740472358056932,12.616720069923122,7.956329676298193,12.817693782529476,-8.703522715515588,6.119484981279112,2.584037734236505,22.51220902054903,23.00812110989749,22.623800236750974,18.31567131311598,10.205953182480364,16.532868138966222,3.5071602229445373,5.722824874336358,6.4847702596987,25.342517249482203,22.184493730902638,25.57635765308717,25.164807147440605,22.262494550884718,21.46125538254384,3.1021290527584844,9.297567686561914,21.892615661156434,6.802009267249148,12.714763361949705,6.763877910948333,23.064802085128182,23.391447193813487,21.344475739204476,0.2522821074431344,3.858065292904471,0.0600704881563338,15.013822244173165,12.694599369572837,16.191954741786102,21.376098514220192,19.651716384136115,20.71370452888101,8.262183193990957,13.389544806790305,-1.1078163460544959,20.047319467504593,18.654794998017714,18.57953909756256,27.44604875366981,27.714383016499788,25.271685544286967,4.502516048219948,5.674175434199031,8.502610294878457,21.200746072195187,25.36525862620634,16.619465785784474,25.788784167410764,29.57566237165617,27.272403358511962,14.624082088002677,12.291706988200445,24.998200164159535,21.184154508862196,12.355579145037645,18.849656129767066,-0.3197022915977096,-2.238497629215522,12.433694861819207,25.04658796525275,24.940518009681,25.277044262420645,24.162200607758088,24.082220737081666,25.791509980048538,10.162291604235262,2.910081405472351,9.536505523215324,18.948616416133014,7.321121080155343,17.559280119099242
1,0.9010303812339308,-2.0720216056187044,1.4812831715562342,-2.415023884087129,-4.639478959307499,-2.3006846259448723,-0.2042351454315852,0.3003315656301306,3.2687445561484085,-1.0356633104247157,2.320879883118557,-1.2852165726938305,2.1801179222027107,-1.1078639221287856,3.3830301395227664,-3.962257528542531,-3.353697569925284,-2.4340805602495865,0.3436706511513962,-1.3173605820463312,-3.934812155209289,18.80919461912345,30.879402861467,6.7208955311838245,3.2976924106147503,-0.8004806635504084,-1.2739494659605235,-5.6101269868213866,6.837085224588473,12.760164451524089,7.851561007395438,-3.3974049448554764,-0.9352601004665524,-0.7323017878741708,-0.6257743470198882,-0.961632770317875,2.442809525951743,1.060194464950498,1.1041460827885006,2.7987035785869647,-1.927052805565716,0.22986541458429155,1.1219389167527456,4.445592971988631,0.8441225135539758,-1.7761102040233419,-0.2743197267304665,-4.348841274531462,1.0895580222383812,0.3201157512489968,1.5067980877257938,0.8057305866479001,-0.41428891820386415,-0.8082224994417294,-4.6449542617367765,-1.4916459184094708,-3.847902790316719,5.350955346012151,8.936207696340405,7.878155084868059,-2.3612279375727097,-6.124165780218156,-4.3774285076163135,12.590118199124731,6.132723961227302,14.43943207632557,9.567514750138487,8.879542246179165,12.261966164616627,-4.6399945350174345,-3.649806516231967,0.7348638095435729,-2.9851587474432737,-2.288088145823429,-3.9206580253150802,-2.3009632977530132,-2.3437784131196744,-0.9552907600733012,-0.7366959600021554,-3.699709228293943,-0.0946996861295296,-2.90209141332477,-3.604192360514017,-1.9388879839750075
2,-0.8508523253447038,-2.4777904056041904,-0.8827369082006257,-3.1272199221384227,-3.9641881078407515,-3.840953387033161,-1.5469146288075477,-1.5518485930907941,-1.7176205240362177,0.5145818943638177,-1.243352641026789,0.7287707466630151,9.809900117196904,6.485856992220218,9.817819395674784,6.648441165363669,7.7338072416734205,6.808648019574338,16.220261444590747,16.126070406019124,15.808397254154912,8.871784194796284,8.443057756299485,9.7490562105982,20.52458551111937,21.00662711106788,16.963952676748207,29.206283005319573,32.266493165968114,33.95556706959487,29.940317687451767,28.958842311109475,27.956991118905783,9.645746966245888,8.748552052756072,10.043951441954793,2.8009093987899627,2.776204507409295,2.020254640967289,1.1436717432382788,0.7666359625142904,1.7130497333605788,6.550502698247597,7.617504829088039,6.7382918600074015,-0.5494853312139107,-0.6673393354431519,0.20295729649559624,1.6421948314723722,0.2557809150311738,0.5111265872221457,7.606726277097493,7.250629826302386,6.844291076456753,9.48727092374978,14.481622933913386,8.74569860377577,0.1116662564117285,1.384348685602815,0.1803901935111951,-0.2621272196416325,-0.5242794367015716,0.19749823860831814,30.04414773692696,30.58775525251103,31.35705308953336,30.17820579563147,29.844386702769548,30.7016764201861,-4.1018824051264415,-4.39791618973723,-3.622478630799789,0.3604318396413824,-1.1112515708224318,-0.33938597997079656,-0.3260510300463651,0.3805788202814563,-0.12255068013745934,-1.418389887868934,-2.411213923387612,-1.275168982180385,-0.8384547277093855,-0.05570208294605238,-0.33289382269797363
3,-14.965374767291946,-20.926009120550333,-16.82663231802799,-11.083507756520431,-14.991071400015374,-11.763211397304227,-3.982340946962671,-5.361496766823856,-5.1485016356232745,-0.4689355101806562,3.4479420911283656,-2.979006580947712,-11.555769288445092,-13.398559744123574,-11.831023196582134,-4.830053729885235,-4.762057523510005,-8.092668718424871,-6.044250509360375,-7.678877941450152,-2.3833539852040246,-8.259190824559338,-5.173130478549093,-7.43099815123973,-0.4688413809507666,-9.206398264500763,-6.772743207655476,0.27176055362873924,-6.622637482495962,-5.6177815583475805,-7.301667974139191,-5.006677859426407,-2.3958184667382443,-7.102052518515363,-8.929311835126144,-6.232025470766518,-0.8106694273366338,-5.338310244760135,-5.484346732266201,-6.388622855273916,-3.557358911687732,-5.934338316249412,-9.069341425513334,-7.857382253006199,-6.783799364656487,-10.754911584456556,-10.92358613829211,-3.640311177258315,-12.570604665015715,-10.318911775067328,-11.598169362204757,-3.476008784598489,-3.2640702058932862,-0.7756962161534264,-9.745666223044148,-7.600595663903308,-2.8347227378971214,-9.941965435534524,-11.780040766870284,-8.523024530250357,-4.9587194974665145,-4.178428475018796,-7.404763795247309,-10.7041686681288,-7.701473926609937,-6.075960691841778,-2.7164955655467184,-6.478681631331178,-4.843883123942874,-7.38017506302554,-1.1675177743819103,-10.168600047267368,-7.741270316046327,-6.9271492054816,-10.758469565657805,-8.133534895728744,-8.420909488426194,-9.347998825960033,-10.717094234740152,-5.77891642972455,-15.209019057694462,-6.280358040478332,-9.060000058150166,-5.530371464668454
4,-4.927960281636951,-10.72640374553714,-4.4234489782927815,-7.440569612766447,-4.50083526666414,-6.247390050849964,-5.284171152981071,-3.9021449348243986,-6.823025041359532,-0.045725199037838435,-0.885689170827087,0.9314143698649324,-7.590659228755867,-7.936543949268875,-7.864042873206303,-9.116218037973026,-9.843718466735424,-9.755637758117787,-4.676138204898073,-1.5763460387765784,-2.01435525449043,-7.268214752281468,-5.498019659927309,-8.190065457854281,-3.779602044629348,-5.0747366792752775,-5.581670612787731,-0.17168013389940234,-0.11056748500483156,-33.98275048185596,-1.3054625934775717,1.408145947383798,1.1462180188355715,-5.645281520089514,-5.230731014479226,-0.4503934933570528,2.0627030178093597,2.476524126118665,1.2769764786041733,0.6989797525459457,0.08095456232683096,-0.4566943774132354,-3.9067271930103575,-3.547142916403504,-3.92790651869964,-3.5587093679881967,-5.587134358097545,2.058102516253142,-2.8418639167117017,-1.880446632350829,-3.6804139301762198,-0.6241301358741391,4.493795884593329,1.4798199749980834,0.6242264009652282,0.992152666760144,2.635142583989583,-10.043737064870523,-35.60064918260628,-6.385596545574558,-1.0725060212570678,-3.6850420908721335,-0.9289334734591236,-10.26533544295742,-2.999062395240668,-23.59281865086899,-18.9711995592479,-8.145139861526202,-25.063947022887568,-6.2480941028307715,-6.318463120259702,-5.3625260340527,-10.169851042403971,-9.91896812409069,-10.114252517032988,-8.68491887541302,-8.633717761051248,-10.819736261385213,-2.2217663176781968,-0.07369999257127813,-4.478085956398616,-2.7748003792455243,1.0158723686870057,-1.1644952653234102
5,-0.7126550428226028,37.22958157386072,-0.7440478757905747,-2.1222408394997547,-3.966176033056536,-1.4869810761559676,-2.8662615908669604,-1.5485893464179867,0.42066599533668464,-2.0751194273590614,4.363905050830083,-2.288785623471021,-1.910426716489478,5.431151536692123,-1.6174185626220927,-2.051032010548586,8.252011641214537,3.6505917358477484,7.527504961997634,2.9384607965864995,2.3110011094600047,1.2743308812487324,3.3714528657430893,3.1443085870458867,-1.2397856814493406,1.2478095988297166,1.7033250967016582,-1.5539011750181673,-1.4137279277563988,-0.6444639099593757,0.1582111575618871,-0.21792724518036066,0.5688506271226744,-1.0885823177297582,-0.4940416994027821,-1.631843825094348,-0.7618591904586569,-3.122237713166281,-2.033720987716197,-1.3815290850344772,-1.78899418660759,-1.7284609376910307,0.6650649053571273,-0.08620015300684061,0.5826011617853635,-1.8509902032912788,-1.8369164690824404,-1.0776651238831416,-6.379835721115573,-5.820645139772483,-4.054575847235911,-2.6318205530835956,-4.866580515337601,-2.428287678699496,-0.08855287174721313,-1.64424969846245,0.6812496813829729,2.5558803262936847,1.7474872938446238,2.757049724637389,-0.5181209892635652,-0.5251403185727339,-1.3201227135047342,0.14410352823594974,-0.4863994256112967,-0.6046009025004148,2.5428470071742213,0.8796957211067236,1.9027319414393016,2.1366489734756393,3.4637965086652374,3.246165420411594,1.2869633322801872,-0.2946302886393443,2.9352687662816987,-1.6702256597043523,-0.9657664436992991,0.1559935813841805,-2.778115441877581,2.054767215909367,0.015403840343964503,-1.7413822094432327,-1.0911065448488153,-2.4273524170639167
6,-2.4374926426084307,-9.685696556353848,-3.411372059245668,-11.561303759798696,-1.4964526424106983,-7.728082172711392,-12.315899960973502,-6.193979995203308,-13.94026733589488,0.2648992909652002,3.208866892127181,-3.4737661830923936,-8.301758389001424,-5.410326052151341,-8.778122313326683,-7.144110823324988,-7.613946874134368,-10.743468143869496,-4.181171938295297,-9.22383061496575,-3.4863761523902235,-12.815100815856324,-10.756417177558825,-14.421292973867512,-5.029595762665763,-8.156629417774116,-3.8411712343563087,-5.257870354404415,-11.81031877002949,-13.608999879397109,-15.269262180144056,-3.8766958675050116,-0.7368651155046861,-3.8930172235760736,-3.7494765525883866,-7.5429771355871305,-1.0494692534876089,-2.5272798866758945,-1.6465922821028371,-15.550775489552649,-18.596719091510305,-16.99538938825157,-12.872816326354144,-12.696395074647803,-10.874507117996359,-2.9444908530204383,-3.790423077744926,-2.3127361543133262,-6.6720941733225665,-4.94695178103636,-2.8445238702991715,-8.857601490895313,-6.219488171195753,-2.7661552393152897,-9.58387265234736,-9.172003596918682,-2.1120676863440337,-15.774873378265164,-15.139517707059381,-12.63213394111639,-3.301992756700563,-2.4077357376048933,-3.4026562873569333,-14.980944690983314,-9.433492113285554,-15.256640641999281,-15.770299737246038,-14.898758168881875,-15.313400004784715,-8.520777233781136,-9.464181599271306,-6.587478598215776,-14.26533696522675,-13.940874497635296,-8.86056076736283,-5.790202366271245,-9.566040814816828,-12.105136808228275,-2.1838992245597217,-3.2880281380704397,-5.085177849226174,-7.49463730692813,-3.2043818116430063,-6.9535108798868395
7,-10.505933511454863,-14.330060442298464,-11.306453352462091,-7.56832720741903,-0.8689014184540853,-5.916482256786182,-12.799688759282713,-6.219167401822427,-12.888772698020599,0.4707948175252388,-2.805048418204296,2.3342536006790566,-6.8602678337314105,-6.346397752952012,-7.603419063052689,-10.350373795075711,-14.504817535370018,-8.546630795784798,-10.045170635049743,-10.039020813804996,-8.00676339248102,-14.066369494577145,-0.9068934012616304,-15.061405352929851,-11.975645810812134,-12.575614782386367,-13.510762390672625,2.8146631383775627,-12.541184517527025,-22.220167604144677,-14.153009588973909,-12.08619533262248,1.044816400601594,-15.709821939477827,-14.721832323534805,-12.279866518359508,-5.427046926443473,2.9532381215861703,-0.7800197142426633,-5.077002475316706,-1.4658216095859675,-2.5947318718943286,-1.2329570592453711,-2.5679787339978613,-1.5658102483715792,-9.6279926178002,-10.044144702570287,-8.393490290126516,-15.942915995666079,-15.348347112274807,-15.171564388916496,-6.590540590368308,-0.7743479757094371,-0.8206969465014486,-10.227120300342577,-8.93319108389364,5.444082343802762,-23.054493565608016,-24.516313034984442,-19.352835375972525,-3.817347423940368,-4.43807367206692,-4.820560926841446,-18.730440039620152,-9.474537775535113,-21.355519749014608,-16.69392773935688,-17.893743128152106,-22.61803591011623,-5.316088556072332,-5.183812966709622,-2.1194080999809883,-8.469332911167774,-8.529921850445753,-10.565142947938398,-7.835833968048358,-8.432724035447903,-8.812269258669012,-11.178540960636273,-9.52230978799768,-10.795353433105698,-15.043891969656698,-14.482540868311329,-13.944128146098606
8,-3.925407808095071,-10.723290844657193,0.060817800086331815,7.402177853396274,1.8176942238177407,6.54078962888811,-3.1263682460168525,-1.8863965772636235,6.541073735345613,-8.187714951340737,10.974688992661019,-2.7869740413202835,-1.9035524007830658,-5.572766463761983,-1.6717907472079947,-2.3730155310464065,5.544763963591012,1.5171579269085322,6.023862436491664,-0.6231398368647565,-3.49822831370818,-9.469938180493973,-7.961578543645331,-0.4334772629498314,6.521654428988224,17.348040132621243,12.178492639008207,2.103292647969825,3.048750052398528,16.49371236099741,0.5855902863674425,6.385030303272406,10.040256309373332,10.943451788021083,9.222568015895225,7.295806902097371,15.068842140892825,17.432925022819926,8.7492300959999,-5.404661756195935,-4.443733628785754,1.259370404499963,-8.921673661572152,-4.5846643086819325,-7.712224393553572,3.8515037674575945,5.76808493121723,1.7564492543820025,-1.4810440171919863,5.305413413404524,8.023218425123009,5.886184247905007,0.808092982960229,1.3727450538694737,-0.37641489937221545,3.5116032064639287,7.7160727320784295,-3.151815494302321,11.668332408917337,-4.198095403197514,10.757833486833977,11.555604051403416,8.243514639086882,-9.105440934535508,-1.148054176141611,3.2097627112748923,14.855700571277987,2.288155824038041,10.120675695508544,-1.4408101022094626,-1.4958528739215609,2.9717205314168145,1.851071151600528,-1.2460773943164525,2.808413303636827,6.288061619193827,6.004794601358267,5.0855782671439815,-4.946197250421259,3.201525106745452,2.5712307334326185,13.494760389119675,0.9849934802186362,10.290880531009446
9,-0.3588732754116264,2.3807189251705094,-2.1992390288607875,2.7554513896801383,2.7680648774593997,2.7167305315342403,1.857511480031362,2.822327203981759,4.593607895824576,-1.9030662078018377,-1.6383228398835004,3.541389047685348,3.4594705626911533,0.8450849468797067,3.616277730579312,-1.5993726345737465,3.6917990847611386,0.7855796692976826,-1.497630232586953,2.1871627854286837,4.080386358774337,-0.14004383163562456,1.5510770842163881,-2.5803062007470707,-0.4793119998494265,2.134455827676797,3.88666095247904,-2.1163552146105125,1.8898451062935635,4.5124432603042335,-1.4819291220452924,-0.6806334448499599,-0.8886779726695827,2.8791281483240128,1.1372347016608857,2.2734656492313805,5.179544311053352,4.831576196241542,5.712492493911455,1.0463307895954352,2.5047191221041687,0.4311300236252594,3.9165437627813846,-3.7117337871234217,3.772077037451095,0.012183023245978431,0.4927799836178185,2.8767031762624917,0.8078387873088763,-0.02607652083379719,1.779106978024822,3.331366630480752,5.383573789545599,2.717249308978091,-0.02095895186730493,0.4340894116876259,2.1931959268613643,3.9474397011925095,1.4983537317100322,3.201243881167957,-0.036105980550113534,0.3252897000574454,0.8201405888585391,-2.244568352514247,-1.2406501644143872,1.4162200614745355,2.335422686883949,2.672130548880022,1.4242486393680185,6.898516382610857,-2.315449549872829,-6.179607502149391,0.17202821770624846,-0.11230835445488213,4.6218183706513445,2.545660131715458,2.22171820877898,3.0291175070950223,1.319769270907592,2.317768750048916,2.1431123345908225,1.7399361453055882,1.195353049940716,2.417733496825864
10,1.9852479752700485,3.765031608351517,1.6299810623761155,1.8077483288153997,3.9811683346801763,2.9480229893330234,0.4797436463835203,0.63441094291764,0.7889379827124366,-2.200045012273519,1.9849460416873423,0.21509897058615848,-2.6019925290332795,-2.3116677558318486,-2.2151017409904936,-26.68679023973649,-27.60254059299045,-29.81117895491374,-4.082334745761298,-4.399760385953184,-3.0612934760873083,-0.3747100367369322,-3.2343653642712797,0.472545407194951,-2.5834646179931178,-2.143119278101413,-3.6159050726268185,-10.614980045948514,-10.015560656237726,-14.257901546867894,-11.054849508917803,-10.308083540075133,-9.017597908219823,-5.8868788952409785,-6.625389386594183,-9.291957371982127,-7.4406051493881495,-8.924140384829178,-9.693327913418264,-6.525365687738807,-5.147839528390731,-5.488331629681329,-1.873623224070344,-2.7700375847467043,-2.2293802170353088,-2.2382069741663604,-2.7749864462471434,-4.386457538075433,-4.814008589851449,-3.7559467219758065,-4.497644407196189,-3.2298500560227628,-2.145199433633818,-3.161708460305721,-0.8755944976734764,-1.544683762578497,-4.090590652758415,-8.12875112574333,-7.091357925394593,-8.836082276334837,-4.551340640723588,-4.207486046065608,-4.572291678487553,-9.846192528555406,-6.1100111831415775,-8.853476157497358,-8.573956644961301,-8.821133464150074,-8.38835930932384,5.671522477756332,5.115078316438479,1.3222691661271733,1.6257400608330304,2.5829883416020487,0.05041636726491517,0.40478513942093497,0.7585677561741084,0.7406008995218262,-2.5461367976923053,-4.695692511971564,-3.4083054145635288,-1.9176142441940924,-4.1094486216800465,-3.8324418639856974
11,4.459515325944904,5.565118089773255,4.096653519763732,-0.7583410027474474,-0.288933279492368,0.8544880935847528,2.1192238867453708,1.079474522692894,-1.5717659391936405,3.5067586293319377,-2.6874421535769213,-0.8193164757550643,-4.15373789364982,-5.9347640289183925,-3.119293784412315,-4.583344735997345,-3.1787442338165914,-2.667091299945482,-1.7950647763185763,-1.6342905941917143,-1.8153287392111133,-24.62335121865406,-22.761740603348713,-22.746917842497567,-3.513363680334774,-8.166609578858532,-6.027573919494599,-9.277666765563914,-6.8915305011918875,-6.1405773806708135,0.8201517691118565,-3.643915434171916,-4.200448960617553,4.524868847473359,4.6297521949927525,5.544266063417027,-4.807719126042897,-4.390115936643217,-2.6512980784641917,-22.356621685742272,-19.849115776797586,-22.706794411988007,-24.20337693500184,-24.837565373316288,-24.27539666279316,-2.2263547309044736,-1.0705122590188427,-7.153737180670217,0.3938931075673728,0.0509920681885213,-1.1028181929083378,-1.091720193128097,0.12110848150594533,0.7083774164783816,2.1252582483192395,3.9353064839988847,-0.4745242038300733,-10.253232961096323,-7.6419531103547484,-11.309551306588604,-17.105538152204108,-17.188838270000364,-17.731691222946356,-5.577111575595447,-9.52453636977607,-5.840064000790014,-0.9760331144936976,-0.25078459868121084,-0.2312007931597669,3.77462048353001,3.46530442902867,2.757941722850538,4.209247369548553,4.91071227955458,5.3577424346542655,0.7611716853133046,1.7484854217867565,2.329687072018672,0.7438532787778374,-1.3640882551646305,0.4577061302647543,3.6000733086625374,1.1144923325864728,3.462594067008804
12,2.5061822593960827,2.0592204455181933,3.8451280922289017,5.4040179511550495,2.2103187061493244,2.0224742620915026,4.38191847818606,6.920216857955527,2.2863021067516005,2.160701175100014,0.4028718967765739,-2.563573071876585,-1.0117908610776392,4.178814034405123,-0.6847230016844034,2.987044041625041,-3.7274325240179103,-2.720850809941043,-0.4469167910557148,0.4793601062415545,-1.7635131991224071,-2.5199875750074665,-5.680767157255888,-1.0943993556421296,-2.015085885235205,-2.6797228636181583,-2.1706775407563743,1.2898815020139236,4.582623554679449,6.712002851932862,7.364287977626659,-0.8401576667650187,3.153505788077898,8.741404193811286,8.916241648316895,3.670887999161196,-6.5543859976490895,-6.848199289780045,7.189180501299747,-0.27601608616746154,1.2824048219352076,-3.2147954870764925,2.208464621479196,0.9654033968713484,1.3127869764107643,3.8232008336711316,4.339201643102373,2.3778021334349813,-4.554964344475217,-3.1104084353404082,-2.9694266364801787,-3.5048795704806115,3.6900551441818052,-4.233872406289678,0.1458887528664964,0.9720138728935508,-1.1365393947234084,-2.301524467482248,-2.14744421286241,4.989283397418822,5.995614637573202,0.7207174244984835,3.3157796575090135,-2.2925023162330045,0.7361041536957695,10.409662901551211,-2.4254007390939383,-3.1228613513674532,5.718545861360756,-0.4427430461179601,1.9215545495743556,0.8961713363378475,2.0315747620886384,2.0236400284813536,3.3745912499911515,-1.652472066875307,-2.3721733380034,-3.032341593805991,1.4585152501446403,3.068610523584118,3.0989443111849293,-2.301514110378568,-3.2736538345931674,-4.106880143374583
13,-5.31624258238316,-3.86878464241473,-5.693182215233808,-7.509352543573105,-9.791089839833267,-9.229806906214238,-6.06211249271829,-5.870850354159678,-4.4769743966345095,0.3155020809157624,-0.6239653857976334,0.3084633048818527,2.8279498775936496,1.0697236109637764,2.574408255587417,-3.9172070573950184,-1.890943635420893,-3.5224292605608816,-0.2657260525803504,-0.5342261188594473,-0.538120481253166,-0.052766364319379006,-0.03432128730294777,-1.5675919202756614,-3.184012803152649,-1.0265376978247769,-4.517189315474389,-4.922973301792382,-6.0693998857912375,-4.4366318594490926,-2.396897838371772,-6.009600738920352,-3.4418778743120626,-5.461274212076352,-5.430368143922927,-5.523766424883103,2.638820371539663,0.4762449577318183,3.830797388886,-2.8752312500055006,-1.460587155715127,-2.935865644316504,5.471341552128012,1.7061191777458642,5.440951742308654,2.1905821610335003,2.2890290349411444,3.8127601396257993,16.814585417832195,18.323444433408483,18.812850232833856,-3.3105506643396474,-3.8194540612254473,-1.1274813101657304,0.43964393086872977,-0.8582487318494237,0.3783389082256548,9.957851690516911,10.086341166038935,10.01127970605056,9.492756401636617,9.860227072456103,8.842100894275381,-0.7833879773818926,-2.1076258335767664,-1.1460626983839584,2.470049809431636,1.034876125639941,1.8708625710556184,-8.406494240084738,-7.401565882231009,-9.868813925166787,0.7481664886189757,-0.9891181800520722,-2.9909123220193927,-0.5116375500524714,-0.3570814459723603,-0.5594113575229931,-3.0270513238087293,-0.5644118387353744,-0.7262417375498195,-2.3829768108233846,0.256579901890105,-2.8857201482990518
14,0.7963598927720982,15.013111897443409,1.3077409720035549,0.2053626274753285,3.7965309134428633,2.9904612327014206,10.107137574659971,10.704624931104352,18.953097589938768,0.0349818941018948,0.061927631212426025,-0.09690952531430794,16.041059837214853,6.73178898644567,16.159934885556655,8.026875896016014,5.551511249495932,10.117448382356743,4.516291180671184,5.4767024144300285,4.317161537175197,8.279851313608122,0.7535963607981883,11.513156472383821,2.8331380021832038,-0.33294872124456,11.21059136289636,5.825552763155388,3.114557756746906,-1.6837041640898007,3.741109057257866,9.689704856987973,10.018163187113817,12.887139545141356,13.091739983182164,6.026489085149608,-2.3213905517221383,-2.6713359397136536,-2.402791503269425,-1.816136030453093,1.4875792775904526,-0.42969564235658103,12.556873715454529,8.742901747092048,11.395321404005216,11.882028048348769,15.173005311539704,1.3958055455996359,0.4328915819594815,-0.26978609667958475,4.189309359075716,-2.4575166979107363,-3.0480301991377665,-2.4557757863510354,7.1018741938920185,2.436422893916617,3.1175043579017423,-1.8448939337402128,-1.126769012350275,-0.6853475041969079,7.054140263425782,7.278006969026286,6.548096005683881,5.800621831681888,8.365337663141371,1.3104957924232576,-0.7590718374422067,1.8845701819139729,-1.5158166471535102,-2.696923360978305,-1.7281017304182829,-1.1818027413682257,13.648426125208605,17.099836746518893,13.46382605393167,13.253842187790768,11.620026624881072,12.09693638739182,9.76469174008712,5.551552708945389,12.128088196922365,5.3875840734517,-1.3093459872252595,1.8549047192079129
15,0.24163860446727115,2.834576615390004,1.2925059887610777,0.4733564825040494,0.4377816454802753,0.27845973928137985,-0.5993725241679325,-1.1048996427600786,-1.9353400836248469,-1.8663428246156384,1.336263742260727,0.5300790823549203,2.8074709210688167,3.49185910249939,2.9816812867970754,1.0692568437802399,2.0177183441800017,1.355315174369751,2.80904066027914,2.081723780678261,1.2771196855486466,-8.42590601257579,-7.125257784533943,-7.818017466303874,0.6323422695236646,-0.5545942284542386,0.4420653927418856,4.971147354902329,1.1246673665780014,-1.6326052345654283,1.2965226416173383,1.8825872483187869,1.86175389061766,3.604976658428652,4.399640959793432,4.9629618737452015,-2.7395827590116766,-3.6999969253344935,-2.054006011609725,-2.5755774766164348,-1.6510665073109387,-3.827006411813705,20.685545220724016,19.39889182126042,21.313621401767467,1.8817769115253236,2.0184431334764907,3.1676518738635786,1.7135120534187411,2.1465350261402167,1.7941586002013838,-8.342219935349421,-6.7231052921027645,-6.573955789469181,1.7377415195748178,1.3326383761998992,3.339548440228981,-1.7171063110511222,-1.2959951340500424,-3.928538789069025,-5.320345391307958,-2.697489114427508,-3.316492452750394,1.572841143232801,0.7901402284464258,0.7069180685354323,-0.733060873958617,0.7976411460350107,-1.4664149129852084,2.236075255343668,1.1890525167832842,0.2931025038064481,1.94271319250712,1.3083536622424634,2.032997473066746,5.7890755302469925,5.72692593219542,5.728422881687042,6.42923367507087,7.385679387574633,6.2825491985957695,2.628745145368169,4.33522908466598,3.2773180927475782
16,-2.84118963881431,-0.4754912217791484,-1.8425408908733485,1.4472393353898576,0.16102933160046898,0.929286824066542,-1.951592131218932,-1.8487405641543304,-2.019045794132144,1.1365014993625049,-0.9103212851904632,-0.2261802141720164,0.8211644447385171,-0.4972905502496383,0.9829506095805244,-0.5819673636549902,1.9080817550254832,0.8233424517663704,-0.8998358484363926,-1.936250108808221,-1.726359575675537,2.067987451242296,2.5166397214638216,0.8414206302054592,-1.806391990568473,-2.6776984577090577,-3.0128929580779453,2.35479948103667,1.8832065802693805,2.665931730801802,2.8205580203171188,1.0667679521145863,-0.7385823142128555,0.5297326394623081,0.2683602201426303,-1.1798026889946736,-1.4114610786316035,-1.3635116616385532,-0.9885783695124964,6.417649984410881,5.69972119542826,6.825846866178186,6.8356889078579295,6.995553140111711,7.684912197486487,0.06385649898301826,0.32716381010396683,0.3102718786445197,-0.1864016184790965,-0.6271011535335833,-0.4950595948362341,-0.0848231386064013,-0.004197899577339301,-0.40272395514884907,0.14196649854668952,0.6119512456099341,-0.2738837416933036,-35.28463465929504,-34.390182529157556,-35.11243028825688,0.5674968106407174,3.1178794910915397,1.351426027608228,4.547779492140272,1.3792002126483742,3.499932428998698,2.0060079147179843,2.8834121665921693,1.7694201684675936,2.35494779205979,2.2361678375277756,-0.06700971648200445,1.0287640411753034,0.04496757703378487,0.4077441084900103,-0.9151291709690501,-1.1713012094330577,-0.6274258563969233,0.8206588452638948,1.7931203249106948,0.5957113742696456,-0.3822962947929461,-0.2187772051499408,-0.7655311475239581
17,-10.85025881121944,-12.809614555321446,-12.109442720100699,-13.667219342809966,-12.707358673781984,-13.201486629920186,-9.982228181687343,-11.900868063332037,-12.737619577499355,-2.906235787151424,-7.243577622345182,10.149813409496572,-14.201010709517961,-16.034683083899278,-13.771586481438444,-11.576931368569305,-12.48418632557958,-10.157179868103404,-12.138397050731884,-13.557194149605966,-12.365547635633707,-12.3172016779318,-12.219406176438,-12.256326233930373,-15.799225790999634,-14.054693403869765,-14.80296365952386,-13.100266132699472,-2.147740380717609,-0.5064681005077715,1.9039866246623889,-9.766712298941501,-10.385237703328077,-11.645052566286935,-11.187294941366249,-14.318167051438072,-4.870433315928326,-11.322919182612472,-10.367609915877127,-11.86431736524694,-13.762074592883529,-11.442835092827053,-13.564873837395766,-10.736952813385882,-13.706091249777625,-12.70249950280298,-12.424002779819665,-7.835435259541672,-11.092758238028667,-10.600514747508548,-11.80983889052885,-9.188278799179166,-11.03037346869481,-10.172053655982165,-12.015637419120909,-4.69025389554579,-13.667396528331592,-2.86521978504677,-0.19184367129161756,0.4316093073724869,-9.70439541617822,-14.04441870979704,-11.076440947570198,5.418624177980784,-0.9462356706856432,6.857126586236969,-5.303138749484045,-5.23601845719193,-2.345262229650754,-6.738845720841162,-7.704206910980631,-10.510158631500419,-10.072899583823787,-11.661384373608973,-10.72286316148216,-14.411217060391385,-13.902103163696573,-13.847369502289887,-12.628705893124698,-14.742727279396036,-11.845513021076016,-4.888321659709836,-8.465052731586034,-4.667399837592972
18,-3.5871635774095814,0.6298527905476321,-3.060662013177772,-4.399532748177663,-4.433092264983383,-4.2502238550532745,-2.515837619922896,-2.9498380034238907,-2.3903510506091132,-1.6824773084806168,3.280756314811892,-1.5982790063312475,-1.8479007455374603,-1.7126585347529841,-1.7840902176803872,-1.5463081549603717,-3.186094679867296,-2.090739021540136,-3.544735367344483,-2.706231060584429,-3.3131896425094207,-2.2109278570285893,-1.082527955993826,-2.0705191465078023,-1.6493921682135193,-3.0022242600164795,-1.4090305898563371,6.8717953914561924,6.877434110887573,6.550854126418338,18.922564557471553,17.92251891378376,20.931796017883844,15.952929342503614,16.078650965346743,16.095237429683912,0.7110709332007208,-1.682680096459153,-1.0014469295601152,26.243301911445588,18.55501060479517,16.089092176431762,-1.1620971552548047,-1.6548467198215502,-1.447713259610952,-2.4130838275025126,-1.8299716718983317,-1.8381970793580809,3.3776806393051135,2.799093211610384,3.196328630926832,-2.409727065517367,-2.793072012525029,-1.941341308317705,-1.8108957491141808,-0.0619800634426128,-0.5076888392313053,3.48597472691494,2.9715440766538324,2.537171383877517,-1.2580813532074844,-1.5683581642709865,-1.2687740281271038,30.052306062984997,30.07783615616661,34.97893906288782,43.719916714038476,41.120250945050174,43.91620932417565,-3.3548244671681444,-4.716260678731183,-0.955403693914904,2.270719405514551,2.3169651962832885,0.9308545250701534,-1.2529682066775236,-1.6008168741302458,-1.8036546752121456,-1.0213198298355128,-1.7749378355640009,-1.3663730140412238,-2.8397602369001764,-2.0913717804576843,-2.5690666811390077
19,0.6048974108643292,2.491760982949632,2.080260276407434,0.6658878991494424,-2.342418642152172,-0.24623048582404805,-1.2335917538323409,-0.6517615419984358,-0.042849630243405996,-0.16784529233870604,0.29201674813461154,-0.12417145579590673,0.507918832431895,-0.14053499361658436,0.328604222851888,2.6011338033702,-1.7998922239613735,-1.3647603687198964,2.1452154773643013,1.0846826307323336,0.385302873995907,-0.09440983511035256,1.7050188475957708,-0.1661216469340632,-0.21217924871435767,2.447634623744361,-0.07337954994325267,-0.1112131689413999,-0.5992009518742376,2.696959378254881,1.3656777222251952,-0.8983740048331593,1.0914368854719656,0.09701087951825828,1.4761890584488886,0.7379633152311045,1.8486346383744845,2.4322626371634892,1.2535933805014703,3.0249205646916337,1.1458906979413117,1.3077305762517248,3.4622786871835314,2.1141423339033203,2.145553874886124,1.7658563705539083,2.9023832381419736,1.7466478198474515,1.0136057234726683,1.4973331095824196,1.2785811850136075,-1.14795361998264,-0.051960208579069966,-0.3542223790670128,2.91228225248984,3.717724975997517,2.9658024750124463,4.801829860599216,2.1928619162235488,1.8617763021064848,1.8827975025046804,2.8895804414378734,1.9437658148250259,1.7231369486533898,1.2498205550806172,-0.19602794339106455,-0.6527046869859477,1.135202212621829,-1.0068994725794491,-0.7345573732377533,-0.1462799746044848,1.3324701394690666,-8.470192893791051,5.3312085304441705,4.783587454795863,1.2507649530248597,1.5820772717494318,2.0451752512665937,0.7809658188753413,3.2423472194375083,2.0609326450949768,1.4321316675930014,2.504471948710444,2.4000030511052914
20,20.898249567521816,24.43708308213715,22.434006408426285,23.910600186046928,23.375164414892932,22.69501856081299,20.79098457399689,20.9816063807478,21.407377751209555,-0.5772466258056046,2.863843295622384,-2.2865966698167433,17.824836643857864,17.877956368850967,18.277067998081943,19.974577137345776,18.80225812877994,17.429801719422308,19.133316148885342,15.40953527316135,13.986665657427551,17.38932095764001,17.19813320284826,19.922878287846373,18.61328594848864,22.60221060180677,18.035372163390377,10.458728403264356,15.575221126516421,12.35183232583266,12.12265723794123,10.092371278292887,13.871147685961141,8.86713180838256,10.809724740767852,12.936953664342525,20.45324093507074,18.474291806434643,19.035826319366702,20.234100723390668,18.85989856244552,19.491003634166905,17.189306478172654,17.885788732779286,15.36974966944107,17.942428954899707,17.04067285818183,13.523826122238054,21.725178934172135,22.709206395802216,22.566925091942288,20.865742916856828,20.27785234124434,21.576734613769773,17.542953455172114,19.362996124152925,18.167027977045493,15.601451099647644,18.928950524926016,15.532526752128133,17.81651036576995,14.95593756537179,16.413958234963413,16.704362872236562,17.582154472325318,19.681942046565393,21.716042678949112,18.492173352980828,19.940591851587477,-8.357208174826425,-7.452414838597556,-8.402828277866371,-9.00698987390412,-2.8474254017403884,-12.044209519209335,19.607512688427207,17.333125296583177,14.180695816798725,12.075195670496528,10.566226142430107,6.842836028638918,22.142735295281252,20.58160641590005,21.798456899435898
21,-33.698745049391874,-30.897060825837514,-34.176050476348706,-16.989793904456988,-18.17541201317334,-16.231826018092615,-6.078959859519508,-7.198732955786504,-7.775434710707763,-0.08546055090062063,1.631680465834486,-1.5462199149338622,-7.992668794465356,-8.057040160978246,-7.346781920495492,-14.698600622777231,-11.956960314485436,-11.968217709835873,-5.483928829792879,-9.056661708444325,-9.378346927686373,-1.06480359897475,0.4612902134799679,-2.3344792329116157,-4.411364049888378,-3.8273546019189975,-7.709552822473304,-17.9326115986097,-3.7269182063793016,-2.1115634460539097,-1.917790912853205,-11.589168119859476,-12.0753412933501,-14.655510175673573,-14.364988473939226,-11.44383925385504,-10.180554793924584,-11.261461370897765,-9.441925394201238,-4.024006068504932,-9.833268336166203,-5.571850572062521,-0.7981045976040257,0.6239232270388478,0.03747065574076512,-9.926403935079477,-8.328265349684937,-9.338143041676194,-8.587908288735132,-8.41129645295709,-10.317148836128435,-4.980782975507137,-5.4876725437349965,-4.381953935534523,-11.987405126612346,-6.786372809029952,-11.319084438948591,-2.3012728572752414,-0.6211425330399137,-0.6955011852583288,-2.4925910131238203,-8.478668895466457,-6.093404530211448,1.6122193775842095,-0.13398658021029702,-0.23268432616383145,3.6981490983484218,2.625356409670317,3.0984903933446346,-19.09528322207861,-16.928188821277498,-14.058166675773931,-10.784862213752255,-10.977022382395774,-9.918718166222313,-13.497129811380011,-13.430527878300342,-13.322790219657008,-12.129719147800223,-14.266565838704755,-13.020948378986624,-7.4054245739610325,-6.720194485999622,-7.5645073117080015
22,-7.49873398615144,-5.487731374403147,-8.45704555604745,-4.695740022494302,-10.04775050749342,-6.384841959737827,-8.842913768894208,-8.598996297908768,-8.933837409852197,-2.2865015265059467,4.248593473921156,-1.96209194741523,-6.164417720398079,-6.213563369766475,-5.351142766330918,-4.376187074684796,-3.3965318287374675,-3.1364233392144825,-8.116497300652268,-6.666261031242371,-8.370568756991075,-2.8604125922755346,-0.2368904455167046,-4.337597853747567,-2.1238412742503616,-3.1645026010541213,-4.1133321852221165,0.05645164568361199,-8.56256443709539,-8.98037693391173,-5.128308440819176,-3.840749313303129,-3.072123821398648,-5.972026923770689,-5.647003287900352,-6.043639753646662,-4.483989415075904,2.235865982733631,-2.3429102706320477,-3.117367751026333,-1.1867253148799672,-1.820077899410505,-1.0875537908617237,1.7121743592612326,-2.8016578947640403,-7.592947357839114,-7.324354860677237,-1.31886505391881,-2.419508808245965,-0.552615609655826,-0.6900156968501571,1.5515635357538884,-0.44250091994544144,0.22263164439232933,-4.377893449148248,-5.224635076146196,-7.979311197543228,-4.197138549140196,-6.230553544524208,-1.5978499979045109,0.24654779608669705,-1.3004626820615746,-0.0851033249013581,-2.757351415947701,-2.8427642782020524,-2.922413869422384,-2.728631947107058,-5.777474847646589,-5.166152924437917,-7.821488231508112,-8.493456895145258,-9.469464490065269,-4.6903330978198445,-4.417402151665861,-3.26449557534255,-6.620694428775726,-5.702999290307803,-2.8357068518436437,-9.164089445146509,-9.978294739766893,-8.258265957236521,-4.907773943693536,4.5794964641349765,-1.8144921334011408
23,-2.6955258673243776,0.30527552622414994,-1.9027915927025916,-3.0859732245920397,-2.926087362293972,-3.2618109696006905,-0.9107046873730754,-0.9877026168460996,-4.5679323069253535,0.9351582309433468,-1.3875352625559667,0.4523770316126288,-5.017721239855475,-7.145894935111308,-5.4117545648681284,5.87346305213825,5.757938927635669,2.2494366696224617,5.231336103373197,5.792577769538128,4.303439606928723,13.62749451830268,11.136497964659087,14.197398731421332,2.4289016868364555,7.180922032753227,9.150481829722462,10.4852363966356,8.256615087987134,4.695050940070146,4.942895500913791,6.530149096028379,7.335008693922588,10.769203195208394,10.701238539899027,12.02875525199526,3.624544801888604,2.6789089713157326,3.922355202249364,4.269919576123954,3.5164274397327238,2.9952573864893,6.41476778541454,8.420676345845163,5.5754998813594545,-7.343405776148993,-9.890134044501725,-2.377540830443519,4.234384700066407,4.061222937321958,1.9913809050155844,8.423830718721426,8.367497074836326,6.388638212620523,6.9558287718639145,7.224751647137912,7.171966612605388,7.730178688079476,6.003375021117742,6.316393697123301,10.456938879106378,12.004566971083223,12.344387842573008,6.8649119183528375,9.918334052568412,6.107537045324923,3.4147441450285148,5.504586952723594,4.967028699037347,-3.598069744923841,-6.510441585239787,-9.220402267646817,-4.306733392163359,-5.2427429344295255,-4.568213757113933,-5.455800248386399,-4.52453254467261,-5.676699589374789,3.8926153471070863,6.6119826513861275,1.3337753457550894,6.264918381845052,6.974904701369583,7.4260373859660636
24,-28.9434855537786,-27.287575863850364,-27.139238683226296,-26.135149758183054,-29.814901965833545,-27.295607669187326,-22.87461095730792,-23.113244853276896,-16.519577861669337,-0.5141074033433218,-1.515341830666591,2.0294492340098613,-28.617183153933286,-27.129790623651058,-28.423831164133997,-21.229130516979,-23.39487354669476,-22.931136575397893,-17.40782494097474,-13.029215054797303,-15.957565462483256,-27.28546220245407,-26.110661097375736,-25.583768153053274,-19.61621583893333,-21.931179734547964,-20.44458724700547,-21.20014672399976,-14.447256056206205,-14.846685824347965,-18.467346047387696,-19.353391803193905,-18.26900020552361,-22.67037307614573,-22.639854275580863,-23.75036317950886,-27.294723016150297,-25.860918014088398,-28.487099845016342,-30.671200565270077,-28.801364586485896,-29.282917729094983,-30.708087639855954,-28.60787627475431,-28.80841107807273,-22.633138693346773,-22.421490057275037,-19.152710419216188,-16.289423210357633,-19.179946267602972,-18.608106338079427,-27.23727916232382,-28.828405154640397,-28.526369467904527,-23.730021690112054,-23.524730480768238,-20.638190163502127,-25.98754150430533,-26.37075668401341,-27.952409037108268,-26.55666426592154,-27.688312166140108,-26.94090539622933,-22.670837623487586,-23.741167409024357,-21.629414477392068,-23.07777742367675,-22.38950110571202,-21.983715451164603,-27.736671515478,-28.211474863239218,-21.69937079063716,-23.11021059294965,-25.22965749410219,-23.966119178081502,-19.59623816279628,-18.801662309498887,-18.82474965626247,-16.032834582072038,-12.280014491778795,-17.590049847625142,-20.777064016788508,-15.34120848426404,-17.514814398734796
25,-16.573156205522597,-13.064316280777154,4.755339343725863,3.3560701980547734,-2.760567790403351,-8.066423539380299,-4.837313201864367,-2.9716092519763952,-1.100361317433133,0.39666938461740936,1.8011613152576529,-2.1978306998750634,-5.242469239864856,-5.2808396367691675,-3.5464848379489755,0.9434322270005916,-0.5724325330873331,-0.8963304555986134,1.737568496671,-18.997580522766626,0.14984487893828746,-5.596720891702787,-2.509335124931987,-6.660207286791287,-1.0740863222972803,5.332691797570776,-4.761043987286419,5.308988808958243,-3.126997413088556,-3.1768916349879683,-7.734723573313175,4.189405391849791,3.1595502330870624,-5.050216821444517,-4.7091596500001796,-4.446764189796153,-12.026097533832418,6.15735604247988,2.462791790608628,-12.897220107030824,-6.006440984623955,-13.712448359862645,-5.7003496269052185,-14.5490334007335,-5.595587278509936,-6.306523827263429,-6.4255750929568025,4.125449721004495,-12.881271244788055,-15.339595404241969,-9.941041944103523,7.651607055769715,-13.054624865637138,-11.218268242983294,2.943706955019376,-2.151386701691433,1.0180446943195969,-6.431788878613036,-9.198776260164923,-7.330835096904074,-7.583034737265032,-3.846158401979177,-9.659872730414328,-0.4658478595212892,-1.5744009533499586,-1.3578541658753978,-2.7598771794857297,-2.0700125031159033,-4.420586955102123,-3.6264441762407738,-10.658015753485547,-3.1642787871666367,-4.826678960573581,-5.81215156927797,-7.304837753302183,-5.6192744468396825,2.697045261341125,3.633044932040721,-5.326196805955497,-2.4044667551163204,-6.401139755145335,2.818526304346668,7.323004022805581,8.474177114189057
26,17.130748154839452,-2.778405594327606,16.982798207064892,-0.5627839513393732,-3.9571104966394337,-2.855064924907024,13.361851648788939,13.050810296580355,9.738325491474846,5.256612610400392,-4.027311987569932,-1.2293006228304444,-0.2411715332442257,-5.700332691453112,0.8033990025352863,-3.836042964019884,-1.7742935052965472,2.674547180425642,6.598257168837598,4.402564134452288,7.153265049288603,6.253966438788381,-1.4495045635076875,9.63873831716072,11.507433996873894,11.181013797914895,6.886187887253032,-0.3406646553044941,7.974225623811179,10.175778637353384,0.07866276323742967,-5.442994342004077,-4.048937238824548,1.823666867339253,1.6469853050957215,-2.8633936062709084,-0.27220991293253555,-2.4527941167034943,-0.5866714199446135,13.506379359723413,9.08163305218996,12.22507523021256,9.204203718597297,13.619435560683069,9.799684782397344,-4.291715455583402,-3.648916104109311,0.7432903310082495,-5.438055364739672,-6.37841312830821,-4.859159738506781,6.817953741260457,0.2936697799216428,6.099550320897862,-5.239513012419283,1.3422488731712423,-3.6366681631449302,11.466949791405465,11.649664784098833,7.421096299688599,11.939036563479073,9.51513365436831,9.831511485468331,10.079121396247519,-0.008810333326190476,7.025653575117639,11.6435737874649,10.617657652482901,-0.5055057242995643,5.81912287384689,-0.6566048851139747,5.608707637644383,1.257145274888176,-0.36550762121626695,1.1636155766665346,3.237116741027245,5.335108061416748,7.572838889638064,-8.37486021110597,-7.6802469393313615,-1.6913298197670796,-1.1599613130414257,5.102614721232147,1.2545238403029892
27,-2.596723728209085,-1.5646055402948618,-3.0237216662839814,-4.531536239663827,-5.180383925631807,-4.865703495198903,-3.0275799140896082,-3.127692972256722,-3.179789756979862,0.992939313712302,-0.992397833298336,-0.0005414804139414653,0.20728608470145235,-0.6499446710961514,-0.2093412458654572,2.619871818857892,2.848704658155667,3.2132083811831307,-1.4653097204126475,-1.08183124436988,-0.5925568770915307,25.328411396079286,26.06558949013972,23.964779628053012,1.9742121823385352,2.210914779787432,-2.316051078402173,7.702125974935052,9.536064685668483,8.84457790556841,7.599946333948622,7.635004209203161,6.4519999823608485,21.688070325217176,20.439297403305236,23.34338207638028,1.967721561805936,1.1177496343802973,0.6051616559013798,4.067900096561217,4.5356777315509085,5.415926170022841,5.074029827507208,5.56722542019879,5.5958887229671035,3.772872930360861,2.7282521747986404,10.121396334333928,-1.434329020677536,-0.8150560012504529,-0.9419497314231592,19.308461514053462,19.690407869505137,18.99847504061113,-1.3235701644413458,1.85176163431478,1.9641757213209197,2.3759207133947684,1.402546063619315,1.6989767107526317,2.0067445445903296,1.0210051892164431,1.1140936480101236,10.627338065309722,11.388398478700811,9.605937226122649,8.150548475051668,8.376587727591788,8.161203049346563,-6.635060715542156,-6.071340130886181,-6.4146305822553895,-2.1235504026735863,-2.8275142504384365,-2.5425356409855806,-3.497766831916107,-3.1303056634828983,-4.394606600082193,-3.1980051267967133,-2.8024347201893587,-3.5627534554035036,-1.4370710337309591,1.6543382125411168,-0.7350307240476703
28,-4.55347027413005,-3.229405278357388,-2.7881049821702146,-0.9357290008230572,-0.3527798151276613,-1.2641889489893663,-2.592064526331984,-3.0226664877954166,-2.5491825726445274,-1.743866458314935,0.6181382050810688,1.1257282532338622,-2.4347295743377595,-2.249135752468529,-1.3128271363343205,-3.4265853538866486,-1.7559360615039106,-1.3524079338545127,-0.0059018932071831,-1.085157330089604,-1.6564258954524536,-2.1643605158931765,-3.4578434643838034,-3.367883507838406,-3.4296755737693525,-2.1515979014227056,-1.8146208602169875,-3.0672023472961705,-4.6029539124594345,-4.48668665362182,-4.869352628318394,-4.953785226823665,-4.151997716015663,-6.911028544397834,13.880571312301464,-4.4074737692767565,-1.6296634159331893,-2.7119576989770366,-2.979318614171194,-3.4436740513502797,-2.9881981936064617,-2.360262385404481,-2.148496348453373,-3.0753898754384537,-0.5204026468655122,-2.4342612976323768,-1.003840006288789,-0.7610150186733347,-4.057108362035713,-3.1530339130571345,-3.5614157471121013,-3.9772068197353834,-1.7664037203950782,-2.5787614208943723,-1.0019008449804234,-3.645783735352752,-2.666614441995528,-3.658762119015018,-4.040432038188651,-2.400303724723869,-4.305478076234959,-1.6888418418061522,-2.6560187929404164,-3.893128277877976,-5.245387678084111,-5.867694485069853,-3.7707542906839535,-2.9536650288387967,-3.403216310292424,0.8618562018265589,0.8003544243787174,0.4513703813090773,-1.2977547309116295,-0.2057070847742989,-2.186966673433962,-3.02885173311672,-3.4054954659751813,0.5381169372091006,-0.427439235191959,0.8422808713414969,-1.3928972825343704,-3.0362838864836363,-1.7296436929624976,-3.7196365122266553
29,-1.8231361434190616,-2.128982950591429,-1.7231784289735912,-2.1097541843170657,-0.5862787112333359,-0.8694305765599204,0.35068753441260464,-0.31561779296653303,-1.1977679555686422,1.5631903916553715,-1.0045354261697528,-0.5586549654856094,2.0663180074459704,-0.4471767181111692,1.5670624020179584,-2.38240454249972,-2.2639351906497724,-0.3262982328268022,-3.681788722935104,-1.6169547509866344,-1.4468313387838352,-5.9955474295751525,-8.307409429828411,-5.203764148939133,-1.8834284070027043,-1.6465303929138375,-1.4676888377461967,-0.07497309816616697,-1.6552728036543474,-2.147167425326491,-1.3974217466074392,0.5028483047575278,0.07519947586745232,-1.766190507961647,-1.1879932100350232,-0.8707519700092715,-2.696499442637237,-1.5699958673165162,-0.27433414295328,-3.3148659472611204,-1.406563905086635,-3.1928570884210528,3.4067597523424773,3.075987565965042,4.142823084417073,1.37731586623689,1.6930408476224637,0.4832860358884412,-2.0217515713581844,-0.9635079116398154,-0.8074741065773811,-3.43664393337758,-2.022734642923245,-3.93314579584592,0.4703275857227509,0.155307462431508,-1.0794356040134645,-3.980434134325237,-3.2571781009584533,-2.2939209660700173,-0.5245619072735116,-1.5638754182500592,-0.9792051649792108,1.5338953493942231,2.316562309735285,-0.15117219121619552,1.085494383028837,1.2652531541492262,3.1333267395737874,3.2367032550514936,4.398780729231245,2.2270867880174614,-26.395507673217544,-24.640144852087136,-25.29357379867432,-0.33827760421384456,-0.38342452725414056,-0.13701877883327812,0.5630730120705557,0.7145639562559585,0.7643129384031786,-0.18686609628088424,-0.3440694823347667,-0.4434996437994335
30,-0.3188593820968026,-7.2912583678927465,-1.4788827300978735,-6.9269232050477445,2.7679999855157758,-4.823642284623532,-2.791543302650436,-1.067102594953378,2.7348140838626667,-3.671431773736781,4.605546762327761,-0.9341149885909812,-1.6062338632961382,5.0105619959675085,-0.8697013295937123,4.601443557780219,6.223638501595596,8.245044933686321,-1.5852960075909936,-2.282837031224122,-0.4401135932645051,-4.818353495829906,-1.6675972961581365,-4.110014496426464,-1.87277852671154,4.971819171285463,-2.364359006729143,-1.11819178341198,-4.203308777013441,-4.7481011978694925,-8.357859490859664,-7.107236755937822,-8.170236971846313,-4.733224631315075,-4.773455310008922,-6.625599251278755,-8.300124404105325,-10.167959354696206,-7.2781928854330085,-4.965377351833396,-3.305006451296693,-4.366618813503614,-7.724036293168558,-4.836129857803984,-7.140047946713304,-6.307081818647945,-6.316749666300983,-3.3857328457176723,-4.406702103430707,-3.630407412662552,-4.605040907812329,-6.5978782031803975,-7.667573762343688,-5.770676439807189,-4.644683871054643,-5.7352483916853965,-6.200871213047393,-7.279170129595402,-5.576273139565107,-7.495639618438043,-1.099237610732515,-1.7863784220156749,-1.3052325037423762,-5.029776641252827,-6.545010631955122,-5.27515305036873,-0.7651655074752709,-3.0368658510611373,0.21425355757799253,5.99839018480063,6.204704760605974,-2.220663057525422,-0.8779329163502778,2.4345804836026868,0.9076442612131498,-2.624995023628041,-0.6620771204218397,-1.1494795790997154,-7.556754258978231,-6.454819775918574,-6.440792284060509,-3.5414850208138864,-2.9743029220692434,-5.000046844057789
31,-10.776774954203033,-2.2520336754122203,-6.347804514300632,7.752400052364598,-6.1681374545588525,3.8803383880345392,-5.898332594924878,-5.177138421169002,3.7134767593626674,-6.2343312093083405,7.294027959991412,-1.059696750683064,-2.5226836896866067,0.473724457183114,-0.13673014385521326,-13.037244100572106,3.886530235283212,0.3482780775514802,7.027923936556166,-2.0145940822756363,-1.4327647004132902,-9.987862455610523,-11.103349657750668,-3.8192621268991593,-4.405826447208696,6.697521830760085,9.676925480185416,4.605459208563556,0.8295872604074033,6.3413853634433455,1.4194000876667212,-8.890553429855238,-2.5130637715838517,1.860130122583174,1.5197642595295358,0.6691891207528599,-4.559129809425763,-6.832786421675219,-2.9289777764032867,-4.096565068132579,-15.409225508090598,-9.454545121824058,-16.154056140666807,-9.881099690196686,-12.183472260232588,0.9334541250317362,3.431622367942092,-5.441519390423288,1.5112696417490248,-1.0225493725153212,-0.9454429968228448,2.247835376359006,-3.3950509369762587,0.9028271277324712,-0.1162487569168918,-5.073960771183351,-3.4652463532868047,1.6371719001660134,3.368833399066639,4.309194480646397,-5.368747502509444,-6.5964361027813085,-8.229368329311294,4.161712532881527,-6.198221683328241,3.4367584350043727,5.051373582876561,4.2948127985096844,4.373753337863735,-6.822434933804346,-6.487730491941452,-2.8868052524721337,-6.200122049210515,-4.12353928508934,-3.189784905358328,2.4365410717969094,4.33415502137724,4.653007208044915,7.562099664662223,4.834197668305549,4.0741782635780766,-1.9820205324562408,-2.281375290627849,-3.19970944911807
32,-0.7735021181093259,3.3113876849704265,-1.4969311671696073,4.943618681285977,5.970624497315332,2.719100200023658,5.5957963358137075,9.586303888192196,14.538885493165697,0.5523768512010939,0.2832722773149934,-0.8356491285160978,10.206401131741261,12.652702386130464,9.627271720014337,20.94967026319976,19.23139724123999,14.85890697095555,19.057595674498288,15.297758061913536,5.230496216689484,12.396323180844808,3.532585093569073,17.806299019310188,5.064356496403119,8.057048565702543,11.592026517121864,-0.5602227224487693,-5.25035085834051,-0.967257131947467,-3.0521080464154355,-0.8677982605720115,-1.0901195112173518,10.800704106503243,9.05000370679394,-2.926572260940121,-2.257611865577254,-1.0556606679272105,-0.3949454377918224,-4.604401393938439,-4.250516154507246,-5.710210934147178,-1.9210596619656208,-5.503462411796916,-1.9243298510453608,6.900813773175512,4.0535892914711305,-0.4747284508892561,3.296471815515274,2.0571396230770165,6.619649959783733,-0.6750530912124633,1.521802380682575,1.2391317038863428,-0.2922843490829139,-1.4061027435107396,1.998130861971413,4.6986735826168555,5.286859833847392,4.529890942288739,-1.7658253068658687,2.4949217266623505,0.9036522998171288,-4.266398093074182,-4.712446344070231,-1.6767607073617763,-2.576369416457017,-4.775490419318737,-2.21451803759136,16.083833336343147,13.101194090887054,-2.1181365436888555,5.232636436204217,2.492034662585726,2.754193444148446,15.24002041581202,16.55299502029625,12.816409256547693,6.7909324559972335,0.7057498717019094,15.891666285040527,0.39012341802719386,1.6229149543661057,0.8156563405646263
33,-2.379185910901838,4.909319088030216,-1.1977655782550656,15.143043326444175,15.543621718373508,16.511047923019238,-3.439450642532063,-2.2512580677011758,0.9622649338008789,2.1494443995705144,-1.6863835307823702,-0.4630608687881549,0.6575775302822946,-1.0451197070372629,0.08157619949908937,-0.503580011639002,-1.7158268596798911,0.9245754562714176,-1.7459631592051523,-0.8820065145808509,-1.5386568511457848,-1.3762271911978363,0.1496075459344657,-1.3380352181448774,8.482224903134393,1.1983259897754868,1.19832209915974,-0.3999085175136509,-5.165637580478854,-8.841194834926787,-3.42518316438851,0.8823608204304643,0.6245765824221191,8.508424507781912,7.479922083780258,1.593503955053665,17.859373702142992,1.926859275546652,12.361673659391306,-5.410721420309668,-3.662068259551384,-5.471038924336893,-1.0021718111646345,-2.3210410391327776,-1.231605740105899,-0.7398949761292841,-0.1693522699859308,0.2963795491735331,-3.312111455219332,-2.8084423645085037,-2.631291749079872,-2.0196289479780627,-1.650408839061625,-2.1725407579805736,-0.551741791730761,-2.193119760519097,-0.6035903326959444,-6.370254241484653,-7.867562585765934,-6.003650355161956,-3.0479155388290984,-1.5909068956366392,-2.46674056366425,-7.130941649250516,-4.980854100869121,-8.3875752699984,-7.531420385820455,-7.066355546499977,-7.361941048078567,0.4129972483216857,1.5273746644043853,17.00052490542517,0.3990140253193053,3.3007768024399216,0.8737503113103713,1.5151037093147215,0.8611956556016885,-0.037775515856419306,-2.3742075200843287,-0.4834167806229257,-0.8915603584989928,-2.443129183617929,-1.8062303071449288,-2.9784242540597488
34,-7.412246207587142,-14.265081575195556,-7.0448163676654625,-2.8208249144640827,2.480766384691412,-0.42320247572867137,4.89320524310517,4.561234437404519,1.4723437925228853,2.5314936825169627,1.0498750172213989,-3.5813686997384178,-14.156343415365974,-16.475155110707732,-13.151250847239128,-7.295003427389858,-1.5111807328371256,-4.113691128800537,7.436302253483037,9.724297313359537,8.742151975783283,-15.875691961264133,-11.569229081895713,-15.743527319504581,-12.608386234694116,-12.78011088046141,-16.894356700710993,-3.434284563030228,-18.108924036393745,-18.21383108608845,-14.772920581919227,3.6417753237059016,0.9884594366865052,-7.16287661964579,-7.007006758935495,-11.09507776874289,-1.0988352598324815,-3.5165943915313984,1.8858260073619224,-16.821430893306218,-15.072572337239029,-15.869306718587456,-14.91559470490166,-16.189054958529894,-15.188711192383073,3.7868028939356013,-0.7757934019476097,7.0769067218498005,-3.824806983520361,-5.632992279700357,-3.2321885605645186,-17.465057865497112,-18.572408794568414,-18.519018270950546,9.595724101463693,5.959127045634067,13.976770453061665,-12.489257134383207,-14.063758379406586,-11.576817121217596,-14.351035341713242,-14.393541153701875,-13.89098128388642,-11.812504745808187,-15.949780099458046,-15.804968089914372,-14.420137389691227,-19.188052749179363,-18.159130038049756,0.16736149149738172,3.421666664626952,-0.07540596425281706,-15.609474162701991,-14.828468411063554,-14.699117130095832,-11.804452159025333,-11.103683172686221,-12.725544469835107,7.9049248051255745,13.144827901892807,2.589040123864779,-4.96192262212956,0.9538167251229344,-2.4791709609032915
35,-1.148479413505145,-2.2567533210526585,-1.0463743469695657,-2.895661266674895,-0.8476905611440537,-2.5187798000066404,-0.8483634900721542,1.7008682984282806,3.9042294953154397,1.2637242148431758,-3.1451061969058944,1.8813819820627296,-3.6712474608158714,-2.6500153486315683,-3.8170670950393903,2.8981979530283133,5.285843768103578,2.5192809123199607,7.3397153574616265,6.086397928278577,2.879074535508019,0.8267881622897418,0.3606427999701416,1.4644351609472122,7.869642266287827,3.060351610519048,3.8473170138627046,2.6501293314302727,7.139309449415062,7.430331866956505,10.61551861479189,9.46738285264736,12.072561457439926,16.1274778272073,15.598780229771473,18.083781837017852,9.015203064949501,3.7185462320767737,2.435043846076602,19.113071221248923,18.193449269812728,19.024887444951226,16.994723634408007,17.075812334155984,17.280886017377792,7.547036038257321,6.7601401872576465,2.68186903663048,6.045482164328562,3.634351097582413,3.5815286505034165,8.843132378197195,9.874514326629258,6.910608905188202,14.310864251225127,13.454822530944885,4.800328571449056,15.973576060111654,15.027273577578953,16.619325701405113,19.369756418743954,17.63791259572787,18.828275269537826,5.631818296371471,8.494958955651772,7.662827835604597,5.206772716053271,6.201529931456872,10.41600912548434,2.250619107189668,1.7196885587498305,-5.191204106773596,-2.135452427421027,-2.791794286639353,-1.059307186518288,0.4903217888819837,0.6135560102750113,0.4797098537661546,8.910489977554752,0.7853386588434484,5.592559564923331,8.024619917803511,4.717746068087068,5.2309710531400775
36,3.403613666927134,-7.935636594558486,1.2382906489794503,-8.292559235711304,-8.441239864943139,-8.810032527357563,-9.962907074366985,-9.603817831890415,-9.520283702651511,2.15837770555604,3.8084317935248464,-5.966809499080898,-9.448464177303604,-8.769019982772539,-9.019611820315182,-9.223872395767874,-9.69815183995175,-9.53481982084578,-10.012694762669996,-10.377500327160073,-10.465555329507874,-9.09178969000865,-9.440462620812076,-8.825147628444869,-10.149949126717397,-9.93021575177376,-10.267005159157783,2.9054494152074226,-7.682782247879142,-6.985757640528072,-6.499430148491464,-5.8786661761240975,-9.711670955917967,-8.947442613806931,-9.219009969494497,-9.703224982813856,-9.305301652304516,-10.167419521544543,-9.30422166161846,-8.552114467490323,-10.12042249713443,-9.469278624442707,2.165983439563707,-7.882790261694375,1.949347612121129,-9.883116510252123,-9.450247799383801,-10.036966827492886,-8.973027753750587,-10.25948206672598,-10.72759329026809,-10.610127504144302,-11.028007158158676,-11.310289669030634,-2.9505839988862785,-6.0472401577532136,-0.6972410328980638,-7.611990580234648,-8.35717912835268,-3.858974435333956,-9.700142570019768,-6.448709626132105,-5.970758610001688,-7.245338375656292,-8.662346414917852,-7.778145832573418,-6.065272703655039,-7.228619694153623,-5.883252263654847,-8.417162118689165,-7.772419491928067,-8.40884023129488,-7.980186291560898,-8.508843471494304,-7.918199061284053,-9.684360529108165,-9.470187085195509,-10.197167014578367,-11.980953888504345,-11.417516617781734,-11.523469220795116,-0.5651458252548761,-4.39897845535262,-2.6890538265675183
37,8.897009185963885,-2.8283014777715336,2.298011529848604,8.37534278757826,6.48982905563945,9.966790460744994,7.358120817820063,10.282527146160053,14.46437304069254,3.003722039194417,-5.5900342758233705,2.5863122366289586,6.249506458971045,4.075111505226686,6.7041972143277535,-0.38073715546857145,4.781638005275541,-3.837308722277386,4.189292570484263,-1.771966164404427,-1.7546209469296443,-6.441108977818768,-4.0714088682952765,-1.7984021493735358,-1.0181487644537348,4.037058796915205,2.3396982148959906,0.044728674501148084,3.6232649799474688,9.562484795047412,1.7419059850302334,-0.701760709067072,-2.421752004111494,-2.350321268591296,-2.3072039790214665,1.1741067065520416,0.4362445968006002,0.4027746386498506,-0.8746670348977468,-5.7664529906458135,-1.6659167323605275,-3.5293566390090865,-5.400372843749912,-6.289065563745846,-3.823888712976377,-7.256499379654209,-4.003003111101147,2.7136538005909814,-2.0879726865991626,-3.2957903632861,-0.4444695356737046,-0.031457262623401795,-1.6998111127688915,0.7414266857450241,-5.924399906698231,-2.1717531094937743,-1.183749943637904,5.934733739996798,7.750581699107594,10.349001091641952,5.467724682868868,7.704708772632326,7.219615265716146,5.6243276385687535,1.4578131445069367,7.87941294371743,13.02593762130942,9.222685361787011,11.64293873621825,-5.760531416671651,-2.927926137550965,0.9655048307061004,-2.0134082138071863,2.16026079148614,-0.009298895304688531,-4.5163282634858355,-2.9309667971920885,-3.357046928861448,-0.5439634955762004,-2.2105936701455584,-5.096121694602785,-0.8164974865289223,-0.4382033551669885,-0.6828113733311312
38,11.5405046768089,13.431179226841774,8.658176975763643,10.11701487034274,8.150227554058112,9.8854144733048,13.442960118938286,10.879673626687039,8.258146332308634,1.167059426120089,0.18688166956592608,-1.353941095686021,9.285131200363237,7.316608194977893,8.629759023509665,9.879015699372953,-1.1678525850228023,9.121720127384828,1.1660124373664835,0.6571450145244208,-0.6116256629396291,0.8983718891905168,1.6868431297096809,2.4896917777584724,-0.6494329063752791,2.0945841335685293,1.8054179395847527,-1.7334476276071331,2.807602615688688,2.331984222246134,-0.01315579071966581,-1.3857043893251204,-1.5869358381766014,9.553145716432184,10.124759103635498,0.30013571651306303,1.5990959739188315,-3.0266037881238765,-2.80794669051068,-0.7884114485465438,4.364911501760337,0.4185833782142244,3.7300361120836687,0.03400325304356347,2.520933977716372,8.613775036798039,8.716306129773463,-3.1448227475518054,12.66553567986906,10.467460376251989,8.25149566020615,-2.887085097592392,-5.802847988757688,-3.847137786005956,-4.762519700735257,-2.742690737764359,-4.572365667973926,0.20148637047603948,-0.3830209092524609,1.5269002097044169,3.6826592610821,-1.2971984196560538,0.775373691397668,0.24057808756809906,0.7996765476669843,0.7141844942142451,3.8891224434877865,0.8261237777057068,4.201877261907377,13.38460342209432,13.177789095849318,9.740988796884514,14.30694596240234,13.10502264121312,15.719325797373186,6.657952467190127,8.102047271900966,9.540539882063443,10.96696285605488,-3.804144698450688,10.611256178724627,-2.5796317899298806,-2.2397027686568958,-1.9236924896684
39,-19.843927092309894,-13.072927919163925,-21.401607058452328,-25.650444859704525,-21.28705726364655,-23.23687776704774,-7.930438826813543,-7.715735480109923,-10.800153322194967,1.5948808085464459,-0.4504232767491125,-1.1444575317973342,17.322426315089203,16.763644890125597,17.109607001975824,-18.713727730506147,-22.901472117649828,-20.06218518237367,-21.373146436206426,-17.571966794074086,-18.86655966026053,-21.455077073477014,-15.207422246176973,-24.503418757174224,-13.177562104805837,-20.71296766884484,-19.017139841625138,13.449922920989875,11.61031454807495,7.9285468893637585,-3.6574694601593616,-0.7896786176181729,-0.04954450749677716,-6.95725885148866,-6.81411073201666,-9.879122422371678,-5.801954942383097,-11.404647304194407,-9.594307975373733,1.4584288674803585,9.491161989001057,3.476282973216044,-12.690977483488824,-20.42104810961132,-14.10039034609864,5.811742214169308,5.184254341165579,5.323636564034393,2.2676150166182807,3.8169560902293713,5.6268558494976535,-16.083192950647806,-12.311178367637336,-13.154948682034712,-1.9565356638554168,-3.0737954157377123,0.4981742163840198,3.095297581207491,0.3529772245399901,3.2416558408591065,5.04270894295183,5.9070317435151285,5.559060349337175,-8.558274967118775,-4.324405784488258,-9.193854659252231,-15.913628604560824,-13.866827825409018,-15.19871797197602,-18.907971045971113,-19.59916880765462,-19.984834917916924,1.6107480033488268,1.4618567589791047,-2.1604624143554068,9.869557717598868,8.052166348200032,8.340314437050518,6.118084959562652,5.413916899726067,7.89853880485617,4.263810902058758,5.783438549450705,3.4040632019097887
40,-4.003105375500446,-5.606385928117776,-3.4242494628821856,-14.151731603508836,-10.751867948585584,-10.822696359511683,15.41753444845067,15.14351299732451,14.459639944343241,1.835695524072409,0.5279192019471332,-2.3636147260195624,3.7154049931087783,1.4710863169583568,4.169703164589778,1.1586154499186905,1.2503888052022496,1.4023515905190185,7.2171667608053065,7.359164695301911,7.00561171384394,-1.2924155603385763,0.04206444220144824,-2.17381243953724,-0.8634360900255881,2.148339951227233,4.789871205903649,4.5649172141433265,-8.438018679097143,-10.365427864933713,-7.951634442996644,2.2324798604028877,2.7034834404907486,3.163700517895788,2.7921366255662643,4.866365789219298,6.199253000324224,1.315275214954953,3.250616091452291,2.1208167413933188,9.568871069425883,1.5278929966542492,7.572070907349009,-0.017241014103136137,6.455733907472999,10.01272329479674,9.423495177001433,6.542820190763113,8.031909719689736,9.83711334990853,10.784884548898225,0.6445140970804907,4.8266336529797025,6.4458907904987335,8.459570951758487,6.611348638866805,6.813727081454823,-12.47784385644469,-12.430693403425078,-10.5083631106726,-2.6489850233319125,-3.1154225816004915,-2.8478739449325765,-11.60326847262307,-6.8234375640019245,-9.611435481212864,-8.464987265380541,-9.628006764441944,-6.064176711555254,-14.485126860079856,-14.25817777552445,2.670333432039123,0.8457081142874808,2.3421583883382007,1.7534052743403619,2.2274564562667214,2.350808693775965,-1.4685383342446168,9.889194997822594,9.191601765488294,9.473038536485477,7.317115351669294,6.251925474088912,7.010342311146191
41,0.5799838841151141,-11.115292056613843,-0.1524541020452392,7.851266852008514,7.017918129859577,9.228509782649539,2.171793278877995,2.4240394762235686,6.54850498299104,-4.0879630107158205,10.781992651117806,-6.694029640401977,2.142798015898514,9.397937107708804,2.0770462799311806,4.897744540399231,7.6846038784453885,6.2491236854695895,11.839200126192427,6.038523510746787,3.88212293512016,2.375763485963531,1.8941874748018133,9.740225875546447,6.6549068886507134,12.06434094525657,12.71729911089164,5.2443670976356485,-5.47934459166039,6.920010733393288,-6.5620339480803755,2.392665857016297,6.890244009621393,7.19907423642042,6.751041282425987,4.6704673856736125,3.7668592389126547,-2.478417783005197,3.9213639474971815,-6.072898380594706,5.907178098040791,-0.696856426681121,1.1869225617211163,-9.607380407933153,2.5215504905255117,7.618208987338539,7.8153617352957845,1.5640984286972055,-1.4760170574387643,1.3090167312665988,2.6168566094714385,-9.990276962472661,-10.845916331114646,5.640417017350542,6.222250527798754,2.5858682169214693,5.312270220811891,0.05558637008472137,4.8416908652537165,1.9539261437948137,5.078692832802427,6.119411666986034,2.2915151966460003,4.472910544190408,-9.041297975138573,4.604480640362696,3.2160249594356443,0.4078481754597295,4.189646568242521,7.181983678053249,7.756412317355775,9.682191821530024,1.7812323135631651,2.9664790575342685,2.149229943128279,7.526189591359508,6.319970329614992,7.465755087725076,2.9193342982659862,7.819416206642318,3.748232522426045,6.257308788317393,3.623110374248679,3.4152911937210124
42,11.0617414527454,9.790467211739623,9.030401915644076,11.817799251308005,13.909429333889587,12.094964349312727,13.899154502501727,15.372480168768131,17.606291898763228,4.594639805844335,-4.754556806143343,0.15991700029899925,13.29141283299627,18.826442581221087,13.922122875843849,5.475316056021461,1.0126599507095564,6.175160826481216,15.807884452513726,15.909815028488074,14.047882345585222,7.817590552853671,9.429660985494516,6.497048234666036,7.297157559247783,8.940207660462407,16.50115086395325,14.814165422181688,10.688598946648384,19.82754271744528,15.938764819042792,14.180354575251636,15.599567427692296,19.560903026340615,18.40516293220524,16.032775502265967,16.665070549243275,15.36000321770478,17.307839886698364,11.756279025731065,10.547305739866298,10.352779533059373,14.42381750455976,12.483168762143874,12.388083626856535,16.30749102740666,15.551964340242035,11.279152537701092,17.211953416561414,15.829177814833734,17.561362285821392,21.26849537377797,17.259133148748518,21.4570428125252,13.023554580415249,10.388180912905243,16.1272289075094,19.09389614087138,16.768925921102696,18.588289122857013,13.027892050343599,13.078693246837556,12.949947826563987,8.630054366685664,5.45884400481996,9.41063091873858,10.945039617515004,8.8821361882619,13.020126259511436,9.406762522937914,9.423608226482633,6.648839311892754,7.287263570636375,5.423976705915809,9.973419293001092,15.630384347760375,16.558151627926478,12.153515857716586,20.500563853003108,23.683600053467703,26.67295883011449,17.83156520386117,18.08302271480941,18.407714045752297
43,-0.13482004508536638,-4.743007680559508,-3.632411776979937,-6.468932401423805,-6.63599586431935,-5.273878443849794,-8.079093066708479,-10.29686454840752,-10.714890469093234,-0.2689489926347343,-1.9254277599984453,2.1943767526331825,-4.92330844628742,-5.295231782803539,-3.719191330906506,-4.067148821526509,-3.448064573612747,-4.4933587359476315,4.540645147524518,0.9582243597883564,-4.446007981819582,-8.376141338224286,-6.129612128161197,-6.851971899046477,-2.02704474169844,-3.3024934241948363,-0.9177316556576643,-1.5036943462276222,-0.2493740037531834,-4.0091304786565045,-5.839379753899759,-1.0961834167578357,-4.311796481959089,-5.8643743654157605,-5.305579706146698,-4.729586491257158,-5.925352605839231,-6.145955561253518,-1.5062559755647122,-4.811200252965189,-2.9147603383927976,-2.7986029868842017,-5.355789366388784,-2.491197554771299,-5.120720567083069,-1.7280409929857132,-0.5553463157095229,-1.934066505380315,-4.9975793775216175,-2.764979653987643,-1.2914365506555538,-3.1966318180838647,-8.302466558982687,-6.675675130944151,-3.019017795926437,-5.957945795582839,-1.4076796825079565,-5.756535643390981,-4.944967907913234,-2.9090421429613835,-5.265173408684771,-6.520334820592991,-5.547346547660399,-1.9118884319431355,-3.192046425571485,-1.6797113732736906,0.11494501878500413,-0.35102138948063105,1.4339885671956676,0.5334749199565183,-4.476981410365854,-3.665059011236701,-2.4984107170074243,3.804696098859361,-1.8549986544728032,-5.068802789810151,-6.4564073270966125,-2.9985211909024434,-2.122974870991417,-1.8624818607140756,-3.0647712162416005,-4.555095119436077,-4.292137956661784,-3.9504558137465717
44,-13.973442759507742,-18.30035219827857,-16.610108501094814,-33.361215203518356,-30.3111067296015,-32.07108307221593,-23.930103467633625,-23.53582452921845,-29.680508993836714,-0.362574860810892,-1.1454842485343903,1.5080591093452906,11.636259268101982,7.084644692439537,9.975919888470774,-10.793619214895923,-16.533395531626464,-13.364121923377109,-9.268533693569774,-2.677035488506052,-3.763303680698893,-20.63643398376075,-11.350903153784644,-25.042049777857322,-16.992819162951946,-18.78696824660841,-22.339054101481548,-17.01893266226751,-11.22625011683636,-18.121177941345387,-8.125902987376712,-11.960683447089089,-13.827733013489427,-20.916902302214478,-20.461668526801716,-20.669768612178224,8.048666569048331,1.8933467389644991,5.161230267692637,-9.904905610914163,-3.3107862558669554,-9.530446840788679,9.438188683766695,-5.5458307239435305,8.359634943078126,4.307616784061246,1.097246546123407,7.9308264595026845,-33.58123877672287,-34.34866018477425,-32.959844444965945,-11.82245098211352,-10.48467269567443,-7.779721298872332,-3.7852694440810586,-3.3649569834419664,-1.7384365797754082,17.43098574390673,13.427455106120606,16.483578722164182,10.238190466251117,11.393227853500473,11.881883804252634,-13.521767706694918,-12.502119645932149,-14.67971770268632,-5.900937939832038,-7.935164802293315,-3.8374694884387277,-31.922683893653264,-29.891539294417942,-27.638906022503637,-8.349826167454934,-10.72731223557909,-15.147369409706853,-0.5039632727530123,-1.5658850126745318,-3.8942453118584894,-1.1970777453067027,-0.8952168204749502,-1.9929755828393485,-1.9858777600744275,6.472211606495446,-3.0595447128987066
45,-1.9653670081778405,-2.597503703659588,-2.8403982694429635,-5.387831530757054,-6.351991571060536,-5.51126446033205,-1.8845242231804396,0.12811004619794245,0.4912447307655558,-1.7886803638093114,-1.2216098302164533,3.010290194025796,-4.068560478592319,-1.4028891320642367,-3.3443624190340464,10.804992615513301,15.40549304583473,3.102436491863997,3.5485717323131167,3.732013273861112,0.3460085147007565,-0.7008368492268208,-1.0135010197238683,-1.4098398436262578,1.6190420841940432,1.7993593524475702,1.0170237539436868,0.4315896599275264,25.72335416395936,23.385596187906085,26.513225927853927,3.2656450011847205,4.353763497558617,27.676086246419963,26.61184341451407,5.585013596883186,-2.0988018199779743,-0.08115048486576401,-3.733184053172682,19.787548377221647,17.524470255194633,21.14003074624296,14.89944818519984,16.28382739289293,15.00294183995535,0.5350114759321535,-0.08052103608792358,-4.834984216981932,1.9526871157661632,0.43262328706658176,1.6138704826700634,29.20729935388405,19.4942480217452,25.00667203208841,4.557339764282653,6.285172780480383,-2.5979970085635595,20.44655397177859,21.012041942211585,22.139599640476884,16.812273939678427,19.895064981227225,16.552478586402348,30.38233866890968,27.835069124001237,31.04354945619052,31.69843585119535,32.4757232207984,27.65660007210591,-1.2664431399858305,-2.7676240190932084,-1.8521675062709195,-1.1629615398476003,-1.4652722328308994,-1.429411249889395,0.18412686998655267,1.1880137436196596,0.28299992538024865,2.009969368641832,-4.504162018203137,0.3445526805869254,6.222940144612965,2.830312122205558,1.9374787657409809
46,2.3490637049547805,3.06511204204857,3.695782090458004,6.9666082065992345,7.099319811560831,6.802655201547233,-1.9740901324568572,-2.2725446338617217,-1.444869842221178,1.4040640787984873,-0.18792358591746772,-1.216140492881031,-4.578466142084563,-7.1598081793198975,-4.238604874954588,1.5258033807631532,3.70695081433808,4.5515776495125815,0.9691313635769984,0.8843434900829329,1.7803543064808107,-1.2421623158930997,-2.398254340717592,-2.8885702778767306,1.2904755713011595,-0.08464268929391643,1.6061652319863156,-0.6161162559753102,-1.4154429208867294,-1.2409875049628467,2.7131413701064755,1.8689965169112317,1.892399337901401,-10.637381680777382,-10.607144378991146,-10.407806203125158,-18.090821951370827,-20.216362701546988,-20.166662703904862,2.241900422003572,1.9565897510991668,1.1461747303779022,1.873218773721596,1.0199991649685625,1.5078234985403296,1.5193936090142373,1.392002028199961,1.1020518852080925,2.3986294989259123,3.016615375067988,2.4467207112586005,6.54639267681588,8.641274390537328,6.8567423064676225,2.9715355007019237,2.4899318839493234,1.955062602295032,2.274018196287171,1.0632625062817147,0.8605035899924499,-0.06090789074685358,-0.9888640202747206,-0.3673566124826842,0.8146373011487078,1.061061668086632,1.2736481622084292,-1.5378545908762906,-0.16027830715665342,-0.12821304520146956,7.0729127358967325,5.315695491547379,2.415548649082681,-0.18608635681273147,-0.8306260364184749,0.3150489599722501,1.0221389744416636,1.9649187726268895,1.978974893465724,4.482792107015091,4.10839672852914,5.751218745339855,1.3915815610438504,2.821404413477627,1.9424568935660282
47,8.38649017803267,-2.146628737582848,8.58235163557805,7.444525911367411,4.491154182735153,6.7796873203918775,-0.3128799721588997,-0.6928134243613923,-2.6703256050838444,0.9816418630010904,-1.4473474141988247,0.4657055511977296,-6.469456627826434,-8.186641742916576,-5.920733987698722,-4.5464004425124,1.8543133806839576,0.964622341376046,4.5036044441765215,1.904797818674561,2.0988973277390017,-3.1409017130261567,-0.10608660528791213,-4.9170522659401525,-2.37103517483659,-3.3183985650756203,-6.914151836902152,-16.643509870457002,-7.570887252776519,1.1464802255130762,-6.040105160773952,-12.091022151148724,-13.08557660330628,-11.566839396165085,-10.284677972194453,-7.58966276714705,-1.3166652834468144,-1.0960887151880594,-0.9879928632950026,-4.09140592844501,-6.629455880927702,-4.0321918127168015,2.5481491580759466,4.646132897575244,1.1239657319096772,-4.911890109958424,-5.974078689415824,-4.927478895004304,-9.252708012942946,-8.745280637820027,-8.699261855760902,-4.521188264690812,-4.886448533016381,-6.118836904741486,-2.6947974269377633,-3.724916697166584,-2.5904097780963924,-3.451287257552332,1.838771525770292,-1.6800425204703504,-7.8713618437606465,-10.532959412798213,-8.805369240604318,17.128010378447257,18.901600221055087,12.270348266321257,-0.1473306993468076,-1.299708651864146,7.440086005776669,2.203849259430983,5.427439535326762,0.20149603281487766,-7.537651788268793,-8.384032265245384,-7.8283320934813885,-9.361476460802258,-8.89925559497998,-8.069362566973087,-7.434452427149647,-6.154444755150488,-5.7278369493460985,-10.618009709152961,-5.804962042703846,-8.894141417222826
48,-7.327150679114142,5.87613687006806,-5.398415837777005,-4.507567704759945,-2.9624576920382344,-3.690536319369706,-3.6744942763962114,-5.110809171318863,-4.066342588136791,-3.5561248419373754,5.58504585837424,-2.0289210164368785,-3.7678150325165904,-4.707878872819056,-2.848262781952487,0.6877608451784055,-9.110155142183483,-6.705544232005216,-4.086498443279604,-5.14079941040726,-4.990472362868337,-2.867398191610574,-0.4614317946870172,-5.155661412853798,-0.6363920368504465,-4.62676429401695,-3.2919052545005667,-2.0291251329752003,-3.3249550550160003,0.6021582510044499,-4.892289214228413,-6.093751812314595,-5.1443471501353875,-0.4366593591681786,-0.7562173769552591,3.9257074655897384,-2.6884686713263353,-7.139986033307414,-5.22883622339172,0.2466266795825843,-1.6859001053087332,-0.4783275979184656,0.3537398172201829,0.23377563435286894,0.05256929095772995,-3.5831025643696224,-3.5275048900843458,-2.607701662970693,-4.041695540003203,-3.0530154527002065,-4.087526747919168,-3.8845990641619466,-3.7934997197239,-2.365797545132473,-0.10300451810654496,-3.8083976372581816,-5.871743057047545,-5.107044800344378,-7.084194171089049,-1.5218056351450375,-3.8622198997735087,-3.0678676292371274,-4.0121418879929625,-0.5304311587222519,-3.322013799588206,-4.608082440068885,0.7003961173263076,-1.4831686786937393,-1.6939502655124177,-2.3118963814740168,-5.052109023890847,2.2631543674291534,3.652643462371392,0.6378331333314152,0.024273925944673928,-2.5345632672570546,-2.5173271912042967,-2.03918829785664,-3.3113237119729115,-2.7987105127583667,-0.09977168613790037,-4.882552300743806,-5.9627282576178535,-7.463339591354248
49,1.6402559581331102,2.8462128339252586,0.8441079182116388,4.348290380335777,6.687712985569467,4.76984188533082,-0.09352003582921957,-0.002638680895097061,0.1967445422346111,1.3329050623618182,-1.3872237429328238,0.054318680571005334,3.469696952404338,2.2627252666246256,3.751000096600832,-0.15601928544683538,-1.6399078106611822,-0.9400440705921363,16.36128028426155,16.701282037989515,17.99547977145142,-0.7306774891089002,0.7040124360101847,-1.8686811796332023,-5.187507166266371,-3.9949334635255904,-3.231421785723813,6.108612184405175,4.757815647963592,0.9447564141887528,2.147844831969184,3.805287499014234,1.8089585912428416,4.613882536611671,3.946019926676275,6.243609685557423,2.927456417958473,4.257055897870431,5.149572258953617,3.022828111466463,4.6244876813174045,4.399117147863572,4.39480707496471,1.286017030520478,4.456527377276215,2.3957985229576755,2.279352717770309,4.225900230480873,0.4115242855582983,-0.10454076440390517,-0.26713733605498924,0.8445364308632013,1.3974744403615524,0.8911710469514261,0.7234970141942971,0.7253635625637753,0.8262953558593626,2.343590233941261,0.95527343594871,2.5704941742023952,5.539048024094673,5.8927231340865625,6.2062489818803765,-2.116772890180246,-0.4777868365171444,-2.0964979684339013,-6.560242197137196,-4.697932271018923,-6.904076057956762,3.8095535298431624,6.170057137837483,3.6849645246554616,-0.011662819982274995,-0.6970915725245657,1.4088449121412665,4.02937064365512,4.313387676464005,4.204901691437406,0.8961624849131602,0.7877318800148704,0.9312592187757508,0.15950701015888072,2.061941148289192,0.31496864193990914
50,-7.389644230030216,-4.90428920942502,-8.394953542758971,-5.922798641623582,-3.3228586122381745,-4.255506018624591,-5.883593553460108,-5.309501633526934,0.43403433006534864,-0.0880860531535753,2.9779002585034124,-2.889814205349865,-7.401072513446156,-5.3583685884414844,-6.184541151761925,-3.4068984596909684,-3.965270010491255,-4.301197088986721,-4.7950500661541335,-6.88545680031592,-6.759384664951599,-3.0728675702475168,-2.4260891395688566,-3.1744986327410616,-5.654261886312735,-4.674387641039825,-2.967219904930127,2.3734524308271334,-0.3515419621734203,-4.068008926264916,-0.6426357818983677,1.5505540337500952,-2.46412358141254,-8.118237695002229,-7.270011435514396,-4.821020106806389,14.848129210606775,14.320740674265751,18.019180968589254,0.8146900764592475,2.4596533987301954,1.4217315858297541,-2.9445839038097983,-2.964442067209158,-2.076251377263789,-8.135258644175728,-8.825213221592918,9.146501806764054,-1.34264514461026,-5.484188716439457,-4.4952370761418585,-0.7950595632733283,-0.3325764833807218,0.3736214234484875,0.11869925542901835,3.8375551910628714,8.103889013594651,-2.2400481286021603,-2.5574974319154777,-0.9390225938634312,-2.715320135584987,-2.9829073850916807,-0.9300100773075676,-2.28707730803552,-1.195792756629272,-2.9564638102662597,-3.1833227606423424,-0.2507910088132317,-1.4693858679776124,-6.578547094457915,-7.745623655673754,-8.625439691508634,-8.768524243654126,-7.971272281265891,-8.01359969233548,-5.28447434652403,-4.752605030042894,-4.376446221272425,-4.444326645539441,-0.8680727614858721,-8.444319728109832,-8.693719241519155,-2.289765163541063,-6.795441604812157
51,8.491023408455154,7.0236306985003285,4.088917146651,0.29840701600149666,3.056568349254687,0.9913177752651536,-1.627056591100702,-1.4261562542170834,-1.9892413905689308,1.9960130065657111,-1.988029879907148,-0.007983126658562168,1.0453517809830415,-1.216326489638268,0.6499145042387997,4.0068746320807636,3.260564672399588,3.5978578737265363,0.9926945432632772,4.3259174530128846,5.771564346024514,1.5361051078944188,1.027259780098753,2.8100763484756546,3.7970516709971234,3.3176504105702698,2.6929534832542186,-2.1989453653034734,-0.7920723442269206,1.2713654203429718,-1.5563179664068498,-2.7649996684626905,2.817657575724172,2.1872922865073336,1.3682663700657824,1.696994940005984,-0.24164978736338216,1.7558941304617095,2.4166876212679163,1.1120462483060705,-0.7832788769819995,0.2391710731805137,2.8736783716083636,3.13787859850411,2.7209112971918197,2.5611261720848373,3.377172599815048,6.020655840112856,7.954739690342568,5.583639676442885,3.979794933058142,0.8793480636510465,2.5217894960189438,-0.5469697016905992,1.8554856091868144,0.8538899047672259,1.0749844176200063,-2.610663294881692,-2.2477894078403096,0.07311175929945897,-0.79090655980793,-1.5865195869191997,0.2371594828339399,2.288136835437529,5.409983681503001,0.7624043087828539,1.3517611605045934,1.588163454076614,-0.24508554804025698,4.892629010883456,6.287281241727436,5.472473526258197,8.060533245913316,7.230068567417014,5.041580463937903,0.14683693765244796,1.3025245046617302,0.8537889576295439,4.0578527029083205,0.1168919765981464,0.9800721612769364,9.273328010427466,10.230844416598412,8.792645537944907
